{"stats":{"minecraft:crafted":{"minecraft:smooth_stone":6,"minecraft:oak_planks":148,"minecraft:cobblestone_slab":12,"minecraft:stone":7,"minecraft:glass":27,"minecraft:hopper":1,"minecraft:iron_boots":1,"create:mechanical_press":1,"minecraft:chest":13,"create:cogwheel":7,"minecraft:smoker":1,"minecraft:crafting_table":3,"minecraft:spruce_planks":4,"travelersbackpack:standard":2,"minecraft:wooden_pickaxe":1,"minecraft:baked_potato":132,"minecraft:birch_planks":40,"majruszsdifficulty:undead_battle_standard":1,"create:stressometer":1,"create:encased_fan":1,"farmersdelight:cutting_board":1,"create:water_wheel":3,"minecraft:shield":2,"create:super_glue":1,"minecraft:stick":72,"minecraft:iron_pickaxe":2,"minecraft:compass":1,"minecraft:iron_ingot":114,"minecraft:iron_block":1,"minecraft:gold_ingot":35,"create:large_cogwheel":2,"create:propeller":1,"minecraft:shears":2,"create:wrench":1,"minecraft:leather_boots":1,"minecraft:iron_nugget":18,"minecraft:furnace":1,"minecraft:blast_furnace":1,"minecraft:bone_meal":81,"minecraft:iron_axe":3,"create:millstone":1,"minecraft:slime_ball":2,"minecraft:lime_dye":2,"minecraft:stone_pickaxe":1,"minecraft:dark_oak_planks":16,"minecraft:wheat":153,"create:andesite_alloy":16,"create:hand_crank":1,"iceandfire:silver_ingot":2,"travelersbackpack:backpack_tank":4,"travelersbackpack:brown_sleeping_bag":2,"minecraft:iron_sword":5,"create:dough":2,"create:goggles":1,"create:large_water_wheel":1,"minecraft:cooked_salmon":9,"minecraft:bucket":2,"minecraft:stone_axe":1,"minecraft:bread":67,"minecraft:air":0,"create:speedometer":1,"minecraft:golden_apple":2,"minecraft:iron_leggings":1,"create:mechanical_drill":1,"create:shaft":16,"minecraft:acacia_planks":24,"minecraft:torch":296},"minecraft:dropped":{"create:super_glue":1,"minecraft:baked_potato":2,"iceandfire:ectoplasm":1,"irons_spellbooks:tarnished_helmet":1,"majruszsdifficulty:undead_army_treasure_bag":1,"majruszsdifficulty:tattered_boots":2,"gravestone:obituary":9,"minecraft:bone_meal":1,"majruszsdifficulty:tattered_leggings":2,"minecraft:birch_log":2,"minecraft:gold_ingot":22,"minecraft:bone":1,"minecraft:stone_axe":2,"minecraft:wheat":20,"minecraft:fern":9,"majruszsdifficulty:undead_battle_standard":1,"bosses_of_mass_destruction:soul_star":1,"minecraft:leather_boots":1,"iceandfire:manuscript":2,"minecraft:iron_ingot":5,"minecraft:bread":48,"minecraft:wheat_seeds":55,"minecraft:cobblestone":610,"minecraft:ink_sac":1,"minecraft:cooked_salmon":3,"minecraft:map":1,"minecraft:orange_bed":1,"minecraft:filled_map":3,"minecraft:golden_leggings":1,"minecraft:oak_sapling":16},"minecraft:killed_by":{"minecraft:zombie":3,"minecraft:skeleton":2,"iceandfire:ghost":1},"minecraft:used":{"minecraft:chest":12,"minecraft:shield":113,"minecraft:iron_sword":940,"vinery:white_grape":4,"minecraft:grass":1,"minecraft:iron_chestplate":1,"create:cogwheel":19,"majruszsdifficulty:golden_bandage":1,"create:speedometer":3,"born_in_chaos_v1:smoked_flesh":7,"minecraft:lava_bucket":2,"create:millstone":4,"farmersdelight:cutting_board":1,"minecraft:bow":51,"create:shaft":4,"minecraft:oak_sapling":16,"minecraft:furnace":1,"create:mechanical_drill":2,"minecraft:potato":63,"minecraft:diorite":8,"minecraft:stone_pickaxe":130,"minecraft:oak_planks":3,"minecraft:wooden_pickaxe":7,"minecraft:cookie":6,"minecraft:golden_apple":4,"minecraft:glow_berries":3,"minecraft:golden_hoe":1,"minecraft:blast_furnace":2,"minecraft:crossbow":58,"minecraft:shears":7,"minecraft:bread":138,"minecraft:melon_slice":3,"create:stressometer":2,"minecraft:andesite":30,"minecraft:chain":1,"minecraft:bone_meal":77,"create:large_cogwheel":4,"minecraft:cooked_salmon":6,"minecraft:orange_bed":3,"minecraft:torch":291,"minecraft:dirt":21,"minecraft:spyglass":22,"minecraft:hopper":1,"minecraft:granite":3,"create:wrench":1,"minecraft:iron_axe":447,"minecraft:iron_boots":1,"minecraft:barrel":1,"minecraft:cooked_beef":2,"minecraft:cobbled_deepslate":11,"minecraft:iron_leggings":2,"minecraft:brown_bed":2,"minecraft:wheat_seeds":50,"minecraft:water_bucket":4,"minecraft:baked_potato":100,"minecraft:cobblestone_slab":6,"create:encased_fan":4,"minecraft:crafting_table":4,"minecraft:smoker":1,"minecraft:apple":10,"majruszsdifficulty:undead_army_treasure_bag":3,"create:mechanical_press":2,"minecraft:iron_pickaxe":476,"create:water_wheel":5,"create:large_water_wheel":1,"minecraft:stone_axe":73,"minecraft:cobblestone":71,"travelersbackpack:standard":2,"minecraft:bucket":8,"alexsmobs:animal_dictionary":1,"create:hand_crank":4,"minecraft:stripped_oak_log":6},"minecraft:picked_up":{"irons_spellbooks:scroll":1,"minecraft:seagrass":1,"minecraft:iron_chestplate":2,"vinery:red_grape":2,"minecraft:wheat":65,"minecraft:flower_pot":1,"minecraft:brown_bed":3,"minecraft:enchanted_book":2,"iceandfire:manuscript":4,"minecraft:string":8,"minecraft:raw_copper":21,"minecraft:iron_leggings":1,"vinery:savanna_grapes_red":15,"create:water_wheel":3,"irons_spellbooks:arcane_essence":8,"minecraft:cobbled_deepslate":25,"bosses_of_mass_destruction:soul_star":9,"minecraft:bucket":1,"minecraft:iron_pickaxe":1,"irons_spellbooks:blank_rune":1,"minecraft:melon_slice":4,"minecraft:mangrove_log":4,"farmersdelight:cabbage_seeds":8,"minecraft:furnace":2,"minecraft:tipped_arrow":7,"minecraft:stick":31,"minecraft:torch":37,"minecraft:acacia_log":9,"create:andesite_casing":6,"iceandfire:silver_ore":8,"minecraft:diorite":48,"create:large_cogwheel":1,"minecraft:orange_bed":4,"minecraft:rotten_flesh":322,"farmersdelight:tree_bark":15,"farmersdelight:rope":6,"majruszsdifficulty:undead_army_treasure_bag":1,"create:speedometer":3,"minecraft:cobblestone":464,"minecraft:birch_log":4,"minecraft:leather_chestplate":2,"minecraft:cooked_beef":2,"minecraft:lilac":1,"farmersdelight:rice":1,"minecraft:andesite":117,"minecraft:brown_wool":5,"minecraft:golden_leggings":3,"minecraft:potato":169,"create:raw_zinc":55,"minecraft:map":1,"minecraft:lapis_lazuli":121,"minecraft:dirt":31,"minecraft:leather_boots":2,"minecraft:bone":45,"minecraft:acacia_planks":3,"minecraft:wheat_seeds":220,"minecraft:raw_gold":49,"create:mechanical_drill":1,"create:shaft":2,"minecraft:diamond_helmet":1,"create:super_glue":1,"irons_spellbooks:frozen_bone":14,"create:cogwheel":9,"minecraft:poisonous_potato":1,"vinery:white_grape":11,"minecraft:sand":3,"minecraft:ink_sac":2,"minecraft:dead_bush":1,"minecraft:grass_block":1,"minecraft:barrel":1,"alexsmobs:animal_dictionary":2,"improvableskills:skills_book":1,"minecraft:grass":1,"minecraft:granite":13,"minecraft:bread":16,"alexsmobs:maggot":3,"minecraft:oak_sapling":52,"create:stressometer":1,"iceandfire:dragon_skull_lightning":1,"majruszsdifficulty:tattered_boots":3,"minecraft:crafting_table":1,"minecraft:chicken":1,"irons_spellbooks:tarnished_helmet":2,"minecraft:wooden_pickaxe":2,"minecraft:chain":1,"gravestone:obituary":9,"minecraft:dragon_breath":2,"born_in_chaos_v1:intoxicating_decoction":2,"minecraft:iron_shovel":2,"minecraft:candle":2,"improvableskills:scroll_normal":2,"minecraft:beef":13,"minecraft:poppy":1,"minecraft:light_gray_wool":1,"minecraft:sugar_cane":18,"minecraft:chest":2,"minecraft:raw_iron":107,"iceandfire:dragonbone":9,"minecraft:stone":273,"create:golden_sheet":4,"minecraft:cookie":6,"create:hand_crank":3,"minecraft:carrot":4,"minecraft:redstone":116,"minecraft:prismarine_crystals":3,"minecraft:arrow":63,"minecraft:hay_block":29,"minecraft:gold_ingot":29,"irons_spellbooks:ancient_knowledge_fragment":1,"minecraft:white_wool":4,"minecraft:stripped_oak_log":15,"born_in_chaos_v1:corpse_maggot":56,"create:iron_sheet":5,"minecraft:glow_ink_sac":1,"minecraft:leather":10,"minecraft:fern":6,"majruszsdifficulty:cloth":10,"minecraft:filled_map":4,"minecraft:oak_log":83,"iceandfire:ectoplasm":6,"minecraft:golden_boots":1,"minecraft:gunpowder":7,"minecraft:paper":51,"minecraft:apple":10,"minecraft:stone_bricks":1,"majruszsdifficulty:tattered_leggings":2,"minecraft:iron_ingot":4,"minecraft:stone_pickaxe":1,"artifacts:steadfast_spikes":2,"minecraft:iron_sword":3,"minecraft:book":1,"create:large_water_wheel":1,"minecraft:pumpkin":12,"born_in_chaos_v1:ethereal_spirit":1,"minecraft:spyglass":1,"minecraft:gravel":6,"minecraft:blast_furnace":1,"majruszsdifficulty:bandage":11,"minecraft:spruce_log":2,"minecraft:spider_eye":2,"minecraft:leather_helmet":1,"travelersbackpack:standard":1,"create:millstone":3,"minecraft:firework_rocket":1,"minecraft:stone_axe":1,"create:encased_fan":3,"minecraft:iron_helmet":1,"minecraft:baked_potato":23,"minecraft:coal":165,"minecraft:ender_pearl":1},"minecraft:mined":{"create:andesite_casing":7,"minecraft:granite":5,"minecraft:acacia_log":3,"minecraft:grass_block":17,"minecraft:spawner":2,"farmersdelight:wild_rice":1,"create:speedometer":3,"minecraft:iron_ore":87,"minecraft:cobbled_deepslate":1,"minecraft:fire":10,"minecraft:deepslate_lapis_ore":8,"minecraft:brown_bed":2,"minecraft:orange_bed":4,"minecraft:deepslate_redstone_ore":14,"create:cogwheel":9,"minecraft:torch":6,"minecraft:blast_furnace":1,"minecraft:poppy":1,"minecraft:chest":2,"minecraft:cobblestone":29,"minecraft:sugar_cane":3,"minecraft:wall_torch":4,"create:large_water_wheel":1,"minecraft:wheat":21,"minecraft:grass":170,"minecraft:oak_log":6,"create:hand_crank":3,"create:stressometer":1,"minecraft:sand":3,"minecraft:dirt":6,"minecraft:deepslate":15,"create:zinc_ore":42,"create:millstone":3,"iceandfire:silver_ore":8,"gravestone:gravestone":4,"create:large_cogwheel":1,"create:encased_fan":3,"minecraft:hay_block":16,"create:shaft":2,"minecraft:furnace":2,"minecraft:andesite":112,"treechop:chopped_log":5,"minecraft:potatoes":43,"farmersdelight:rope":6,"minecraft:deepslate_iron_ore":9,"minecraft:stone":69,"minecraft:crafting_table":1,"create:water_wheel":3,"minecraft:copper_ore":4,"minecraft:tall_grass":33,"minecraft:lapis_ore":4,"minecraft:deepslate_gold_ore":25,"minecraft:diorite":10,"minecraft:birch_leaves":2,"create:mechanical_drill":1,"minecraft:coal_ore":124,"minecraft:gravel":1,"minecraft:gold_ore":3,"minecraft:fern":12},"minecraft:killed":{"born_in_chaos_v1:zombie_clown":1,"born_in_chaos_v1:restless_spirit":1,"born_in_chaos_v1:zombie_lumberjack":3,"creeperoverhaul:beach_creeper":1,"minecraft:spider":5,"minecraft:zombie_horse":5,"born_in_chaos_v1:baby_skeleton_minion":1,"minecraft:skeleton":32,"minecraft:chicken":1,"majruszsdifficulty:creeperling":1,"hordes:husk_player":1,"irons_spellbooks:summoned_skeleton":2,"artifacts:mimic":1,"minecraft:zombie_villager":7,"majruszsdifficulty:tank":2,"irons_spellbooks:necromancer":2,"minecraft:creeper":5,"endermanoverhaul:savanna_enderman":1,"minecraft:pillager":3,"minecraft:zombie":374,"born_in_chaos_v1:corpse_fly":1,"minecraft:stray":16,"alexsmobs:fly":2,"born_in_chaos_v1:door_knight":2,"minecraft:cow":7,"hordes:zombie_player":5,"born_in_chaos_v1:maggot":154,"minecraft:drowned":1,"minecraft:husk":86,"born_in_chaos_v1:bone_imp_minion":3,"born_in_chaos_v1:baby_skeleton":2,"born_in_chaos_v1:decrepit_skeleton":3,"iceandfire:ghost":4},"minecraft:broken":{"minecraft:iron_chestplate":1,"minecraft:iron_leggings":1,"minecraft:stone_pickaxe":1,"minecraft:iron_sword":3,"minecraft:shield":1,"minecraft:iron_axe":3,"minecraft:iron_pickaxe":1},"minecraft:custom":{"minecraft:interact_with_crafting_table":102,"minecraft:open_barrel":52,"minecraft:eat_cake_slice":2,"minecraft:leave_game":3,"minecraft:time_since_death":11765,"minecraft:sprint_one_cm":752504,"minecraft:damage_blocked_by_shield":4785,"minecraft:drop":119,"minecraft:talked_to_villager":1,"minecraft:play_time":567006,"minecraft:deaths":8,"minecraft:jump":4493,"minecraft:walk_on_water_one_cm":5184,"minecraft:interact_with_furnace":53,"minecraft:sleep_in_bed":16,"minecraft:damage_dealt":65437,"minecraft:player_kills":2,"minecraft:crouch_one_cm":57630,"minecraft:interact_with_smoker":26,"minecraft:mob_kills":743,"minecraft:damage_dealt_resisted":1905,"minecraft:climb_one_cm":5849,"minecraft:walk_one_cm":1051890,"minecraft:sneak_time":26740,"minecraft:walk_under_water_one_cm":1810,"minecraft:interact_with_blast_furnace":24,"minecraft:total_world_time":567006,"minecraft:time_since_rest":11680,"minecraft:damage_taken":12220,"minecraft:damage_absorbed":60,"minecraft:swim_one_cm":1307,"minecraft:fly_one_cm":902126,"minecraft:open_chest":277,"minecraft:fall_one_cm":159538}},"DataVersion":3120}