{"stats":{"minecraft:custom":{"minecraft:mob_kills":192,"minecraft:interact_with_crafting_table":41,"minecraft:open_barrel":21,"minecraft:leave_game":4,"minecraft:time_since_death":6552,"minecraft:climb_one_cm":26864,"minecraft:sprint_one_cm":474568,"minecraft:walk_one_cm":628307,"minecraft:damage_blocked_by_shield":2935,"minecraft:drop":25,"minecraft:talked_to_villager":5,"minecraft:play_time":262284,"minecraft:deaths":13,"minecraft:sneak_time":10072,"minecraft:walk_under_water_one_cm":16908,"minecraft:jump":3799,"minecraft:walk_on_water_one_cm":16437,"minecraft:total_world_time":262284,"minecraft:interact_with_furnace":9,"minecraft:sleep_in_bed":11,"minecraft:time_since_rest":6582,"minecraft:damage_taken":5257,"minecraft:damage_dealt":32309,"minecraft:swim_one_cm":25412,"minecraft:fly_one_cm":1130246,"minecraft:player_kills":2,"minecraft:open_chest":216,"minecraft:crouch_one_cm":18227,"minecraft:fish_caught":30,"minecraft:interact_with_smoker":43,"minecraft:fall_one_cm":89637},"minecraft:broken":{"minecraft:stone_pickaxe":1,"minecraft:shield":1,"minecraft:iron_axe":3,"minecraft:stone_axe":1},"minecraft:crafted":{"tconstruct:pattern":6,"minecraft:stone_shovel":1,"tconstruct:part_builder":1,"minecraft:fishing_rod":1,"minecraft:cooked_chicken":6,"minecraft:furnace":2,"minecraft:cooked_mutton":3,"tconstruct:tinker_station":1,"minecraft:bow":2,"minecraft:iron_boots":1,"minecraft:iron_axe":4,"minecraft:iron_hoe":1,"minecraft:stone_pickaxe":1,"minecraft:chest":5,"minecraft:dark_oak_planks":8,"minecraft:smoker":1,"minecraft:cooked_cod":29,"create:andesite_alloy":14,"minecraft:cooked_porkchop":11,"minecraft:crafting_table":2,"minecraft:spruce_planks":60,"minecraft:wooden_pickaxe":2,"minecraft:iron_helmet":2,"minecraft:cooked_salmon":7,"minecraft:bucket":1,"minecraft:birch_planks":40,"minecraft:stone_axe":1,"minecraft:air":0,"minecraft:iron_chestplate":1,"minecraft:shield":2,"minecraft:stick":48,"minecraft:iron_pickaxe":1,"minecraft:iron_ingot":43,"minecraft:gold_ingot":9,"minecraft:iron_leggings":1,"minecraft:white_bed":1,"minecraft:acacia_planks":12,"minecraft:torch":76},"minecraft:picked_up":{"majruszsdifficulty:tattered_boots":1,"minecraft:crafting_table":4,"minecraft:iron_chestplate":9,"minecraft:chicken":6,"born_in_chaos_v1:river_mint":1,"minecraft:clay_ball":140,"minecraft:leather_leggings":3,"minecraft:brown_mushroom":6,"minecraft:lead":4,"minecraft:wooden_pickaxe":1,"minecraft:gold_block":1,"minecraft:enchanted_book":1,"minecraft:stone_brick_stairs":1,"gravestone:obituary":3,"minecraft:shield":12,"minecraft:string":23,"minecraft:moss_carpet":6,"minecraft:raw_copper":16,"minecraft:iron_axe":5,"minecraft:iron_leggings":8,"minecraft:pufferfish":3,"minecraft:cracked_stone_bricks":12,"minecraft:diamond_leggings":2,"minecraft:gold_nugget":7,"bosses_of_mass_destruction:soul_star":2,"improvableskills:scroll_normal":3,"minecraft:spruce_planks":30,"minecraft:andesite_stairs":2,"minecraft:redstone_torch":2,"minecraft:iron_nugget":5,"minecraft:spruce_slab":9,"minecraft:poppy":3,"minecraft:iron_pickaxe":14,"minecraft:melon_slice":10,"minecraft:sugar_cane":36,"minecraft:chest":12,"minecraft:birch_sapling":1,"minecraft:iron_boots":8,"minecraft:tipped_arrow":3,"minecraft:stick":17,"minecraft:raw_iron":40,"minecraft:torch":384,"minecraft:acacia_log":6,"create:andesite_casing":4,"minecraft:porkchop":11,"minecraft:carrot":13,"minecraft:andesite_wall":2,"minecraft:stone_shovel":1,"minecraft:stone_sword":4,"minecraft:arrow":69,"minecraft:diamond_chestplate":6,"minecraft:rotten_flesh":257,"minecraft:cooked_cod":12,"minecraft:tropical_fish":1,"farmersdelight:tree_bark":10,"create:ochrum":2,"minecraft:shears":5,"create:veridium":2,"artifacts:panic_necklace":11,"minecraft:glow_berries":1,"minecraft:mutton":3,"minecraft:cod":18,"minecraft:white_wool":13,"minecraft:cobblestone":107,"minecraft:stripped_oak_log":8,"minecraft:birch_log":15,"born_in_chaos_v1:corpse_maggot":52,"minecraft:leather_chestplate":2,"minecraft:feather":2,"minecraft:andesite":48,"minecraft:water_bucket":1,"minecraft:salmon":10,"minecraft:golden_leggings":6,"minecraft:red_mushroom":6,"minecraft:music_disc_stal":4,"minecraft:smoker":4,"minecraft:flint":2,"minecraft:oak_log":5,"create:andesite_alloy":12,"minecraft:yellow_bed":5,"minecraft:map":2,"minecraft:lapis_lazuli":8,"minecraft:dirt":40,"minecraft:paper":15,"minecraft:name_tag":1,"minecraft:bone":148,"minecraft:apple":12,"minecraft:stone_bricks":90,"minecraft:bow":16,"minecraft:wheat_seeds":18,"minecraft:cobweb":5,"minecraft:rabbit":10,"minecraft:mossy_stone_bricks":7,"minecraft:diamond_helmet":6,"minecraft:bamboo":18,"minecraft:acacia_sapling":4,"minecraft:mossy_stone_brick_stairs":3,"minecraft:iron_sword":6,"minecraft:book":2,"irons_spellbooks:frozen_bone":26,"minecraft:music_disc_13":1,"minecraft:sweet_berries":38,"minecraft:spyglass":1,"minecraft:spruce_sapling":12,"minecraft:white_bed":3,"minecraft:spruce_log":15,"minecraft:spider_eye":2,"minecraft:leather_helmet":6,"minecraft:iron_hoe":1,"minecraft:diamond":4,"minecraft:stone_axe":6,"minecraft:iron_helmet":12,"minecraft:diamond_axe":1,"minecraft:emerald":3,"minecraft:baked_potato":3,"minecraft:oak_sapling":12,"minecraft:stripped_dark_oak_log":8,"majruszsdifficulty:tattered_chestplate":3,"minecraft:coal":211},"minecraft:mined":{"minecraft:white_bed":3,"minecraft:andesite_stairs":2,"create:andesite_casing":2,"gravestone:gravestone":2,"minecraft:acacia_log":2,"minecraft:spruce_fence":1,"minecraft:grass_block":12,"create:ochrum":1,"minecraft:spruce_leaves":1,"minecraft:red_mushroom":6,"minecraft:spawner":8,"minecraft:large_fern":2,"minecraft:iron_ore":42,"minecraft:andesite":28,"treechop:chopped_log":4,"minecraft:vine":3,"minecraft:bamboo":1,"minecraft:stone":31,"create:veridium":2,"minecraft:acacia_leaves":4,"minecraft:brown_mushroom":6,"minecraft:smoker":4,"minecraft:crafting_table":4,"minecraft:clay":22,"minecraft:melon":1,"minecraft:chest":12,"minecraft:andesite_wall":2,"minecraft:copper_ore":4,"minecraft:tall_grass":19,"minecraft:cobblestone":4,"minecraft:lapis_ore":2,"minecraft:sugar_cane":7,"minecraft:coarse_dirt":1,"minecraft:sweet_berry_bush":1,"minecraft:spruce_log":3,"minecraft:stone_brick_stairs":1,"minecraft:yellow_bed":5,"minecraft:grass":28,"minecraft:oak_log":4,"minecraft:coal_ore":53,"minecraft:dirt":15,"minecraft:stone_bricks":7,"minecraft:mossy_stone_bricks":3,"minecraft:oak_leaves":24,"minecraft:fern":2},"minecraft:used":{"minecraft:stone_sword":22,"minecraft:stone_shovel":51,"minecraft:chest":17,"minecraft:shield":79,"minecraft:cooked_chicken":6,"minecraft:rotten_flesh":1,"minecraft:cooked_salmon":12,"minecraft:iron_chestplate":1,"minecraft:torch":37,"minecraft:dirt":18,"minecraft:andesite_wall":2,"majruszsdifficulty:angler_treasure_bag":1,"minecraft:iron_axe":515,"tconstruct:tinker_station":1,"minecraft:iron_helmet":1,"minecraft:stone_brick_stairs":1,"minecraft:stone_bricks":3,"minecraft:bow":23,"minecraft:furnace":1,"minecraft:cooked_cod":24,"tconstruct:part_builder":1,"minecraft:cooked_mutton":3,"minecraft:water_bucket":1,"minecraft:mossy_stone_bricks":1,"minecraft:stone_pickaxe":132,"minecraft:wooden_pickaxe":9,"minecraft:crafting_table":6,"minecraft:crossbow":2,"minecraft:white_bed":3,"minecraft:smoker":5,"minecraft:diamond_shovel":2,"minecraft:iron_pickaxe":86,"minecraft:spruce_sapling":3,"minecraft:stone_axe":83,"minecraft:fishing_rod":44,"minecraft:cobblestone":8,"minecraft:cooked_porkchop":5,"minecraft:andesite_stairs":2,"minecraft:bucket":2,"minecraft:yellow_bed":4,"minecraft:stripped_oak_log":2},"minecraft:dropped":{"minecraft:enchanted_book":1,"minecraft:wheat_seeds":5,"minecraft:diamond_axe":1,"minecraft:cooked_porkchop":3,"minecraft:stick":1,"minecraft:dirt":1,"minecraft:torch":1,"minecraft:cooked_cod":5,"gravestone:obituary":4,"minecraft:iron_pickaxe":1,"minecraft:spruce_sapling":6,"minecraft:stone_sword":3,"minecraft:yellow_bed":1},"minecraft:killed":{"hordes:zombie_player":10,"born_in_chaos_v1:restless_spirit":1,"alexsmobs:raccoon":1,"minecraft:spider":9,"alexsmobs:seagull":1,"born_in_chaos_v1:maggot":16,"minecraft:skeleton":28,"artifacts:mimic":1,"minecraft:husk":8,"minecraft:pig":4,"majruszsdifficulty:cursed_armor":1,"minecraft:creeper":1,"hordes:drowned_player":1,"alexsmobs:emu":1,"minecraft:sheep":2,"minecraft:pillager":1,"endermanoverhaul:cave_enderman":1,"minecraft:zombie":86,"born_in_chaos_v1:corpse_fly":5,"minecraft:stray":5},"minecraft:killed_by":{"minecraft:player":4,"hordes:zombie_player":1,"minecraft:skeleton":2,"minecraft:zombie":2}},"DataVersion":3120}