{"stats":{"minecraft:custom":{"minecraft:jump":50,"minecraft:time_since_rest":6772,"minecraft:damage_dealt":120,"minecraft:walk_on_water_one_cm":250,"minecraft:sprint_one_cm":5077,"minecraft:play_time":6772,"minecraft:damage_taken":50,"minecraft:time_since_death":6772,"minecraft:walk_one_cm":16221,"minecraft:climb_one_cm":1451,"minecraft:walk_under_water_one_cm":450,"minecraft:total_world_time":6772,"minecraft:damage_resisted":10,"minecraft:player_kills":1,"minecraft:drop":1,"minecraft:fall_one_cm":826,"minecraft:fly_one_cm":2277,"minecraft:open_barrel":3},"minecraft:picked_up":{"minecraft:dark_oak_log":1,"alexsmobs:animal_dictionary":1},"minecraft:mined":{"minecraft:grass":1,"minecraft:dark_oak_log":1},"minecraft:dropped":{"alexsmobs:animal_dictionary":1}},"DataVersion":3120}