{"stats":{"minecraft:dropped":{"minecraft:bread":48,"minecraft:wheat_seeds":54,"minecraft:cobblestone":1,"iceandfire:ectoplasm":1,"irons_spellbooks:tarnished_helmet":1,"minecraft:ink_sac":1,"minecraft:cooked_salmon":3,"minecraft:map":1,"gravestone:obituary":1,"minecraft:orange_bed":1,"minecraft:birch_log":2,"minecraft:bone":1,"minecraft:stone_axe":2,"minecraft:wheat":17,"minecraft:filled_map":3,"minecraft:oak_sapling":1,"iceandfire:manuscript":2},"minecraft:custom":{"minecraft:mob_kills":141,"minecraft:interact_with_crafting_table":53,"minecraft:open_barrel":47,"minecraft:damage_dealt_resisted":134,"minecraft:eat_cake_slice":2,"minecraft:leave_game":2,"minecraft:time_since_death":4927,"minecraft:climb_one_cm":5227,"minecraft:sprint_one_cm":531132,"minecraft:walk_one_cm":544724,"minecraft:damage_blocked_by_shield":905,"minecraft:drop":29,"minecraft:talked_to_villager":1,"minecraft:play_time":254905,"minecraft:deaths":4,"minecraft:sneak_time":10600,"minecraft:walk_under_water_one_cm":1810,"minecraft:jump":3115,"minecraft:interact_with_blast_furnace":11,"minecraft:walk_on_water_one_cm":5074,"minecraft:total_world_time":254905,"minecraft:interact_with_furnace":30,"minecraft:sleep_in_bed":4,"minecraft:time_since_rest":4959,"minecraft:damage_taken":7193,"minecraft:damage_absorbed":60,"minecraft:damage_dealt":21125,"minecraft:player_kills":2,"minecraft:swim_one_cm":1307,"minecraft:fly_one_cm":667232,"minecraft:open_chest":95,"minecraft:crouch_one_cm":27835,"minecraft:fall_one_cm":106032},"minecraft:killed_by":{"minecraft:skeleton":1,"minecraft:zombie":2,"iceandfire:ghost":1},"minecraft:killed":{"born_in_chaos_v1:zombie_clown":1,"hordes:zombie_player":3,"born_in_chaos_v1:restless_spirit":1,"born_in_chaos_v1:zombie_lumberjack":1,"creeperoverhaul:beach_creeper":1,"minecraft:spider":1,"born_in_chaos_v1:maggot":10,"minecraft:skeleton":6,"minecraft:chicken":1,"majruszsdifficulty:creeperling":1,"hordes:husk_player":1,"irons_spellbooks:summoned_skeleton":2,"artifacts:mimic":1,"born_in_chaos_v1:bone_imp_minion":3,"minecraft:zombie_villager":1,"born_in_chaos_v1:baby_skeleton":1,"irons_spellbooks:necromancer":2,"minecraft:creeper":5,"endermanoverhaul:savanna_enderman":1,"born_in_chaos_v1:decrepit_skeleton":3,"minecraft:pillager":3,"minecraft:zombie":60,"iceandfire:ghost":4,"born_in_chaos_v1:corpse_fly":1,"minecraft:stray":2,"born_in_chaos_v1:door_knight":1,"minecraft:cow":7},"minecraft:used":{"minecraft:chest":7,"minecraft:shield":26,"minecraft:iron_sword":90,"vinery:white_grape":3,"minecraft:cooked_salmon":6,"minecraft:orange_bed":3,"minecraft:torch":117,"minecraft:dirt":17,"minecraft:spyglass":22,"minecraft:hopper":1,"create:cogwheel":13,"minecraft:granite":3,"born_in_chaos_v1:smoked_flesh":7,"minecraft:lava_bucket":1,"minecraft:iron_axe":299,"minecraft:barrel":1,"farmersdelight:cutting_board":1,"create:shaft":4,"create:mechanical_drill":2,"minecraft:furnace":1,"minecraft:oak_sapling":1,"minecraft:cooked_beef":2,"minecraft:brown_bed":2,"minecraft:wheat_seeds":50,"minecraft:water_bucket":3,"minecraft:diorite":3,"minecraft:stone_pickaxe":130,"minecraft:oak_planks":3,"minecraft:wooden_pickaxe":7,"minecraft:cobblestone_slab":1,"minecraft:cookie":6,"minecraft:golden_apple":2,"minecraft:glow_berries":3,"minecraft:crafting_table":4,"minecraft:blast_furnace":1,"minecraft:crossbow":1,"minecraft:apple":10,"minecraft:bread":128,"minecraft:iron_pickaxe":169,"minecraft:melon_slice":3,"create:water_wheel":4,"minecraft:stone_axe":73,"minecraft:cobblestone":67,"travelersbackpack:standard":1,"minecraft:bucket":4,"minecraft:andesite":16,"minecraft:chain":1,"alexsmobs:animal_dictionary":1,"minecraft:stripped_oak_log":3,"create:large_cogwheel":2},"minecraft:crafted":{"minecraft:oak_planks":108,"minecraft:cobblestone_slab":6,"minecraft:iron_nugget":18,"minecraft:glass":24,"minecraft:hopper":1,"minecraft:iron_axe":2,"minecraft:stone_pickaxe":1,"minecraft:chest":8,"create:cogwheel":4,"minecraft:wheat":153,"create:andesite_alloy":16,"iceandfire:silver_ingot":2,"minecraft:crafting_table":3,"travelersbackpack:backpack_tank":4,"travelersbackpack:standard":2,"minecraft:wooden_pickaxe":1,"travelersbackpack:brown_sleeping_bag":2,"minecraft:iron_sword":1,"minecraft:cooked_salmon":9,"minecraft:bucket":2,"minecraft:stone_axe":1,"minecraft:bread":67,"minecraft:air":0,"farmersdelight:cutting_board":1,"create:water_wheel":1,"minecraft:shield":1,"minecraft:stick":40,"minecraft:iron_pickaxe":1,"minecraft:iron_ingot":50,"create:large_cogwheel":1,"create:mechanical_drill":1,"create:shaft":8,"minecraft:acacia_planks":24,"minecraft:torch":116,"minecraft:shears":1},"minecraft:mined":{"create:zinc_ore":21,"iceandfire:silver_ore":7,"create:andesite_casing":4,"minecraft:granite":4,"gravestone:gravestone":2,"minecraft:acacia_log":3,"minecraft:grass_block":10,"create:large_cogwheel":1,"minecraft:spawner":2,"minecraft:hay_block":16,"create:shaft":2,"minecraft:furnace":1,"farmersdelight:wild_rice":1,"minecraft:iron_ore":34,"minecraft:andesite":62,"treechop:chopped_log":4,"minecraft:brown_bed":2,"farmersdelight:rope":6,"minecraft:stone":41,"minecraft:orange_bed":4,"create:cogwheel":7,"minecraft:torch":5,"minecraft:crafting_table":1,"minecraft:blast_furnace":1,"minecraft:chest":2,"create:water_wheel":3,"minecraft:cobblestone":19,"minecraft:tall_grass":31,"minecraft:copper_ore":4,"minecraft:sugar_cane":3,"minecraft:diorite":5,"minecraft:wall_torch":3,"minecraft:wheat":21,"minecraft:birch_leaves":2,"create:mechanical_drill":1,"minecraft:grass":142,"minecraft:oak_log":5,"minecraft:coal_ore":87,"minecraft:gravel":1,"minecraft:dirt":6,"minecraft:gold_ore":2,"minecraft:deepslate":1,"minecraft:fern":5},"minecraft:picked_up":{"irons_spellbooks:scroll":1,"iceandfire:dragon_skull_lightning":1,"minecraft:seagrass":1,"minecraft:crafting_table":1,"minecraft:iron_chestplate":1,"minecraft:wheat":64,"vinery:red_grape":2,"minecraft:chicken":1,"minecraft:flower_pot":1,"irons_spellbooks:tarnished_helmet":2,"minecraft:wooden_pickaxe":2,"minecraft:brown_bed":3,"minecraft:chain":1,"iceandfire:manuscript":4,"minecraft:string":2,"minecraft:raw_copper":17,"minecraft:iron_leggings":1,"born_in_chaos_v1:intoxicating_decoction":2,"vinery:savanna_grapes_red":15,"create:water_wheel":3,"irons_spellbooks:arcane_essence":5,"minecraft:candle":2,"minecraft:beef":13,"minecraft:light_gray_wool":1,"minecraft:melon_slice":4,"minecraft:sugar_cane":18,"minecraft:chest":2,"minecraft:furnace":1,"minecraft:stick":22,"minecraft:raw_iron":34,"iceandfire:dragonbone":9,"minecraft:torch":12,"minecraft:acacia_log":9,"create:andesite_casing":3,"iceandfire:silver_ore":7,"minecraft:cookie":6,"minecraft:diorite":29,"minecraft:carrot":1,"create:large_cogwheel":1,"minecraft:orange_bed":4,"minecraft:arrow":5,"minecraft:rotten_flesh":44,"farmersdelight:tree_bark":9,"minecraft:hay_block":29,"farmersdelight:rope":6,"minecraft:gold_ingot":3,"minecraft:white_wool":4,"minecraft:cobblestone":78,"minecraft:stripped_oak_log":9,"minecraft:birch_log":2,"born_in_chaos_v1:corpse_maggot":5,"minecraft:lilac":1,"minecraft:cooked_beef":2,"farmersdelight:rice":1,"minecraft:andesite":67,"minecraft:brown_wool":5,"minecraft:leather":10,"minecraft:golden_leggings":1,"minecraft:filled_map":4,"create:raw_zinc":34,"minecraft:oak_log":60,"iceandfire:ectoplasm":6,"minecraft:gunpowder":7,"minecraft:map":1,"minecraft:dirt":21,"minecraft:paper":46,"minecraft:bone":8,"minecraft:acacia_planks":3,"minecraft:apple":5,"minecraft:stone_bricks":1,"minecraft:wheat_seeds":218,"create:mechanical_drill":1,"minecraft:raw_gold":2,"minecraft:stone_pickaxe":1,"create:shaft":2,"artifacts:steadfast_spikes":1,"minecraft:book":1,"minecraft:pumpkin":12,"create:cogwheel":7,"born_in_chaos_v1:ethereal_spirit":1,"minecraft:spyglass":1,"minecraft:gravel":5,"vinery:white_grape":11,"minecraft:blast_furnace":1,"minecraft:ink_sac":2,"minecraft:dead_bush":1,"minecraft:grass_block":1,"minecraft:barrel":1,"alexsmobs:animal_dictionary":2,"minecraft:firework_rocket":1,"minecraft:stone_axe":1,"minecraft:granite":5,"minecraft:bread":16,"minecraft:oak_sapling":22,"minecraft:coal":97,"minecraft:ender_pearl":1},"minecraft:broken":{"minecraft:stone_pickaxe":1,"minecraft:iron_axe":1}},"DataVersion":3120}