{"stats":{"minecraft:dropped":{"minecraft:bread":17,"minecraft:wheat_seeds":52,"minecraft:cobblestone":1,"iceandfire:ectoplasm":1,"irons_spellbooks:tarnished_helmet":1,"minecraft:ink_sac":1,"minecraft:cooked_salmon":3,"minecraft:map":1,"gravestone:obituary":1,"minecraft:orange_bed":1,"minecraft:birch_log":2,"minecraft:bone":1,"minecraft:stone_axe":2,"minecraft:wheat":17,"minecraft:filled_map":3,"minecraft:oak_sapling":1,"iceandfire:manuscript":2},"minecraft:custom":{"minecraft:mob_kills":44,"minecraft:interact_with_crafting_table":31,"minecraft:open_barrel":47,"minecraft:eat_cake_slice":2,"minecraft:leave_game":1,"minecraft:time_since_death":44192,"minecraft:climb_one_cm":3034,"minecraft:sprint_one_cm":347227,"minecraft:walk_one_cm":351487,"minecraft:drop":25,"minecraft:talked_to_villager":1,"minecraft:play_time":167199,"minecraft:deaths":3,"minecraft:sneak_time":7954,"minecraft:walk_under_water_one_cm":1605,"minecraft:jump":1880,"minecraft:interact_with_blast_furnace":11,"minecraft:walk_on_water_one_cm":4034,"minecraft:total_world_time":167199,"minecraft:interact_with_furnace":21,"minecraft:sleep_in_bed":1,"minecraft:time_since_rest":44216,"minecraft:damage_taken":5050,"minecraft:damage_dealt":8733,"minecraft:player_kills":1,"minecraft:swim_one_cm":1307,"minecraft:fly_one_cm":372627,"minecraft:open_chest":63,"minecraft:crouch_one_cm":20862,"minecraft:fall_one_cm":64310},"minecraft:killed_by":{"minecraft:skeleton":1,"minecraft:zombie":1,"iceandfire:ghost":1},"minecraft:killed":{"hordes:zombie_player":1,"born_in_chaos_v1:zombie_lumberjack":1,"born_in_chaos_v1:restless_spirit":1,"creeperoverhaul:beach_creeper":1,"minecraft:spider":1,"born_in_chaos_v1:maggot":1,"minecraft:skeleton":2,"hordes:husk_player":1,"irons_spellbooks:summoned_skeleton":2,"artifacts:mimic":1,"born_in_chaos_v1:baby_skeleton":1,"endermanoverhaul:savanna_enderman":1,"born_in_chaos_v1:decrepit_skeleton":3,"minecraft:pillager":3,"minecraft:zombie":4,"iceandfire:ghost":4,"born_in_chaos_v1:corpse_fly":1,"minecraft:cow":7},"minecraft:used":{"minecraft:chest":3,"vinery:white_grape":3,"minecraft:cooked_salmon":6,"minecraft:orange_bed":2,"minecraft:torch":55,"minecraft:dirt":6,"minecraft:spyglass":16,"minecraft:granite":3,"born_in_chaos_v1:smoked_flesh":7,"minecraft:iron_axe":115,"minecraft:barrel":1,"minecraft:cooked_beef":2,"minecraft:brown_bed":2,"minecraft:wheat_seeds":50,"minecraft:diorite":3,"minecraft:stone_pickaxe":130,"minecraft:wooden_pickaxe":7,"minecraft:cookie":6,"minecraft:glow_berries":3,"minecraft:crafting_table":3,"minecraft:blast_furnace":1,"minecraft:apple":10,"minecraft:melon_slice":3,"minecraft:bread":86,"minecraft:iron_pickaxe":109,"minecraft:stone_axe":73,"minecraft:cobblestone":11,"travelersbackpack:standard":1,"minecraft:andesite":1,"minecraft:chain":1,"alexsmobs:animal_dictionary":1},"minecraft:crafted":{"minecraft:oak_planks":36,"minecraft:glass":24,"minecraft:iron_axe":1,"minecraft:stone_pickaxe":1,"minecraft:chest":4,"minecraft:wheat":153,"iceandfire:silver_ingot":2,"minecraft:crafting_table":2,"travelersbackpack:standard":2,"travelersbackpack:backpack_tank":4,"travelersbackpack:brown_sleeping_bag":2,"minecraft:wooden_pickaxe":1,"minecraft:cooked_salmon":9,"minecraft:stone_axe":1,"minecraft:bread":67,"minecraft:air":0,"minecraft:stick":20,"minecraft:iron_pickaxe":1,"minecraft:iron_ingot":26,"minecraft:acacia_planks":24,"minecraft:torch":48,"minecraft:shears":1},"minecraft:picked_up":{"iceandfire:dragon_skull_lightning":1,"minecraft:seagrass":1,"minecraft:crafting_table":1,"minecraft:iron_chestplate":1,"minecraft:wheat":64,"minecraft:flower_pot":1,"irons_spellbooks:tarnished_helmet":1,"minecraft:wooden_pickaxe":2,"minecraft:brown_bed":3,"minecraft:chain":1,"iceandfire:manuscript":4,"minecraft:string":2,"minecraft:raw_copper":17,"minecraft:iron_leggings":1,"vinery:savanna_grapes_red":15,"irons_spellbooks:arcane_essence":2,"minecraft:candle":2,"minecraft:beef":13,"minecraft:light_gray_wool":1,"minecraft:melon_slice":4,"minecraft:sugar_cane":18,"minecraft:chest":1,"minecraft:furnace":1,"minecraft:stick":6,"minecraft:raw_iron":28,"iceandfire:dragonbone":9,"minecraft:torch":9,"minecraft:acacia_log":9,"iceandfire:silver_ore":7,"minecraft:cookie":6,"minecraft:diorite":29,"minecraft:orange_bed":4,"minecraft:arrow":2,"minecraft:rotten_flesh":13,"minecraft:hay_block":29,"minecraft:gold_ingot":3,"minecraft:cobblestone":58,"minecraft:white_wool":4,"minecraft:birch_log":2,"born_in_chaos_v1:corpse_maggot":2,"minecraft:cooked_beef":2,"farmersdelight:rice":1,"minecraft:andesite":65,"minecraft:leather":10,"minecraft:brown_wool":5,"minecraft:filled_map":4,"create:raw_zinc":34,"minecraft:oak_log":11,"iceandfire:ectoplasm":6,"minecraft:gunpowder":1,"minecraft:map":1,"minecraft:dirt":10,"minecraft:paper":46,"minecraft:bone":7,"minecraft:acacia_planks":3,"minecraft:apple":3,"minecraft:stone_bricks":1,"minecraft:wheat_seeds":207,"minecraft:raw_gold":2,"minecraft:stone_pickaxe":1,"artifacts:steadfast_spikes":1,"minecraft:book":1,"minecraft:pumpkin":12,"born_in_chaos_v1:ethereal_spirit":1,"minecraft:spyglass":1,"vinery:white_grape":3,"minecraft:gravel":5,"minecraft:ink_sac":2,"minecraft:blast_furnace":1,"minecraft:dead_bush":1,"minecraft:grass_block":1,"minecraft:barrel":1,"alexsmobs:animal_dictionary":2,"minecraft:firework_rocket":1,"minecraft:stone_axe":1,"minecraft:granite":5,"minecraft:oak_sapling":1,"minecraft:coal":69,"minecraft:ender_pearl":1},"minecraft:mined":{"create:zinc_ore":21,"iceandfire:silver_ore":7,"gravestone:gravestone":1,"minecraft:granite":4,"minecraft:acacia_log":3,"minecraft:grass_block":3,"minecraft:spawner":2,"minecraft:hay_block":16,"minecraft:furnace":1,"farmersdelight:wild_rice":1,"minecraft:iron_ore":28,"minecraft:andesite":61,"treechop:chopped_log":1,"minecraft:brown_bed":2,"minecraft:stone":38,"minecraft:orange_bed":4,"minecraft:crafting_table":1,"minecraft:torch":3,"minecraft:blast_furnace":1,"minecraft:chest":1,"minecraft:cobblestone":5,"minecraft:copper_ore":4,"minecraft:tall_grass":12,"minecraft:sugar_cane":3,"minecraft:diorite":5,"minecraft:wall_torch":3,"minecraft:wheat":21,"minecraft:grass":29,"minecraft:oak_log":4,"minecraft:coal_ore":59,"minecraft:gravel":1,"minecraft:dirt":1,"minecraft:gold_ore":2,"minecraft:deepslate":1,"minecraft:fern":4},"minecraft:broken":{"minecraft:stone_pickaxe":1}},"DataVersion":3120}