{"stats":{"minecraft:killed":{"hordes:husk_player":1},"minecraft:killed_by":{"iceandfire:ghost":1},"minecraft:custom":{"minecraft:time_since_rest":7278,"minecraft:sprint_one_cm":60748,"minecraft:damage_taken":600,"minecraft:walk_one_cm":51224,"minecraft:mob_kills":1,"minecraft:drop":7,"minecraft:damage_dealt":199,"minecraft:talked_to_villager":1,"minecraft:interact_with_crafting_table":4,"minecraft:fly_one_cm":68917,"minecraft:open_barrel":2,"minecraft:open_chest":10,"minecraft:crouch_one_cm":509,"minecraft:play_time":15745,"minecraft:deaths":1,"minecraft:sneak_time":362,"minecraft:jump":280,"minecraft:walk_on_water_one_cm":575,"minecraft:time_since_death":7250,"minecraft:climb_one_cm":1804,"minecraft:total_world_time":15745,"minecraft:fall_one_cm":10364},"minecraft:mined":{"minecraft:hay_block":16,"minecraft:furnace":1,"minecraft:wheat":21,"minecraft:brown_bed":1,"minecraft:grass":5,"minecraft:acacia_log":3,"minecraft:tall_grass":4,"minecraft:sugar_cane":1,"minecraft:orange_bed":1},"minecraft:crafted":{"minecraft:stick":4,"minecraft:wooden_pickaxe":1,"minecraft:acacia_planks":12},"minecraft:used":{"minecraft:wheat_seeds":50,"minecraft:bread":9,"minecraft:wooden_pickaxe":2,"minecraft:spyglass":11},"minecraft:dropped":{"minecraft:filled_map":3,"minecraft:bread":5,"minecraft:wheat_seeds":1,"minecraft:wheat":17,"minecraft:orange_bed":1},"minecraft:picked_up":{"iceandfire:dragon_skull_lightning":1,"minecraft:stick":2,"iceandfire:dragonbone":9,"minecraft:wheat":63,"minecraft:leather":4,"minecraft:acacia_log":6,"minecraft:spyglass":1,"minecraft:brown_bed":2,"minecraft:filled_map":2,"minecraft:ink_sac":1,"minecraft:map":1,"minecraft:paper":25,"alexsmobs:animal_dictionary":1,"minecraft:orange_bed":1,"minecraft:firework_rocket":1,"vinery:savanna_grapes_red":15,"minecraft:apple":1,"minecraft:wheat_seeds":149,"minecraft:candle":2,"minecraft:hay_block":29,"minecraft:melon_slice":4,"minecraft:sugar_cane":8,"minecraft:coal":4,"minecraft:furnace":1}},"DataVersion":3120}