{"stats":{"minecraft:used":{"minecraft:melon_slice":13},"minecraft:killed_by":{"minecraft:skeleton":1},"minecraft:dropped":{"minecraft:melon_slice":36},"minecraft:picked_up":{"vinery:jungle_grapes_red":2,"minecraft:bamboo":24,"minecraft:melon_slice":94,"minecraft:dark_oak_planks":7},"minecraft:mined":{"minecraft:large_fern":1,"minecraft:grass":5,"minecraft:melon":17,"minecraft:bamboo":2,"minecraft:fern":2,"minecraft:dark_oak_planks":7},"minecraft:custom":{"minecraft:open_barrel":3,"minecraft:time_since_rest":10469,"minecraft:crouch_one_cm":713,"minecraft:play_time":15233,"minecraft:sprint_one_cm":32564,"minecraft:deaths":1,"minecraft:damage_taken":260,"minecraft:walk_one_cm":19139,"minecraft:sneak_time":365,"minecraft:walk_under_water_one_cm":2110,"minecraft:drop":32,"minecraft:jump":264,"minecraft:damage_dealt":26,"minecraft:leave_game":1,"minecraft:walk_on_water_one_cm":2854,"minecraft:time_since_death":10423,"minecraft:climb_one_cm":1057,"minecraft:total_world_time":15233,"minecraft:swim_one_cm":5901,"minecraft:fly_one_cm":79020,"minecraft:fall_one_cm":36022}},"DataVersion":3120}