{"stats":{"minecraft:custom":{"minecraft:time_since_rest":18772,"minecraft:sprint_one_cm":11151,"minecraft:walk_one_cm":51745,"minecraft:damage_taken":118,"minecraft:mob_kills":3,"minecraft:drop":1,"minecraft:damage_dealt":650,"minecraft:player_kills":2,"minecraft:fly_one_cm":8474,"minecraft:interact_with_crafting_table":1,"minecraft:open_barrel":3,"minecraft:crouch_one_cm":396,"minecraft:play_time":18772,"minecraft:sneak_time":854,"minecraft:walk_under_water_one_cm":450,"minecraft:jump":150,"minecraft:walk_on_water_one_cm":390,"minecraft:time_since_death":18772,"minecraft:interact_with_smoker":2,"minecraft:climb_one_cm":2264,"minecraft:total_world_time":18772,"minecraft:damage_resisted":27,"minecraft:fall_one_cm":1453},"minecraft:crafted":{"minecraft:crafting_table":1,"minecraft:spruce_planks":20,"minecraft:stick":4,"minecraft:wooden_pickaxe":1,"minecraft:wooden_axe":1,"minecraft:dark_oak_planks":4,"born_in_chaos_v1:smoked_monster_flesh":1,"minecraft:air":0},"minecraft:picked_up":{"born_in_chaos_v1:shattered_skull":1,"born_in_chaos_v1:monster_flesh":1,"minecraft:spruce_log":5,"minecraft:dark_oak_log":1,"alexsmobs:animal_dictionary":1,"minecraft:barrel":1,"minecraft:string":1,"born_in_chaos_v1:monster_skin":1,"minecraft:stripped_dark_oak_wood":1,"minecraft:sugar_cane":3},"minecraft:used":{"minecraft:wooden_axe":9,"born_in_chaos_v1:smoked_monster_flesh":1,"minecraft:crafting_table":1,"alexsmobs:animal_dictionary":1},"minecraft:killed":{"born_in_chaos_v1:dread_hound":1,"minecraft:spider":1,"born_in_chaos_v1:decrepit_skeleton":1},"minecraft:mined":{"minecraft:barrel":1,"minecraft:spruce_log":6,"minecraft:dark_oak_log":1,"minecraft:stripped_dark_oak_wood":1,"treechop:chopped_log":1,"minecraft:grass":1,"minecraft:sugar_cane":1},"minecraft:dropped":{"alexsmobs:animal_dictionary":1}},"DataVersion":3120}