{"stats":{"minecraft:broken":{"minecraft:wooden_pickaxe":1,"minecraft:stone_pickaxe":1,"minecraft:stone_axe":1},"minecraft:killed_by":{"realmrpg_demons:chort":1,"minecraft:creeper":1,"minecraft:spider":1,"born_in_chaos_v1:corpse_fly":1,"irons_spellbooks:necromancer":2,"alexsmobs:grizzly_bear":1},"minecraft:killed":{"irons_spellbooks:summoned_zombie":4,"born_in_chaos_v1:restless_spirit":1,"alexsmobs:raccoon":5,"minecraft:spider":1,"minecraft:skeleton":2,"born_in_chaos_v1:corpse_fish":3,"alexsmobs:flying_fish":2,"born_in_chaos_v1:barrel_zombie":2,"minecraft:pig":1,"born_in_chaos_v1:glutton_fish":1,"majruszsdifficulty:cursed_armor":1,"irons_spellbooks:necromancer":1,"minecraft:creeper":1,"born_in_chaos_v1:decrepit_skeleton":1,"minecraft:zombie":3,"born_in_chaos_v1:corpse_fly":11,"alexsmobs:fly":3},"minecraft:used":{"minecraft:iron_shovel":23,"minecraft:chest":3,"minecraft:shield":10,"born_in_chaos_v1:fried_maggot":8,"minecraft:rotten_flesh":2,"create:mechanical_bearing":3,"minecraft:torch":10,"minecraft:dirt":27,"create:cogwheel":4,"minecraft:carrot":43,"vinery:basket":3,"born_in_chaos_v1:corpse_maggot":6,"minecraft:iron_hoe":152,"create:gearbox":2,"minecraft:iron_axe":96,"vinery:grapevine_stem":5,"supplementaries:wild_flax":1,"cavesanddepths:cobbled_slate":2,"farmersdelight:cutting_board":1,"create:shaft":3,"minecraft:furnace":2,"create:mechanical_drill":37,"minecraft:cooked_beef":4,"farmersdelight:tomato_seeds":15,"minecraft:wheat_seeds":90,"minecraft:water_bucket":7,"minecraft:diorite":2,"minecraft:stone_pickaxe":120,"alexsmobs:flying_fish_boots":1,"minecraft:wooden_pickaxe":30,"minecraft:sugar_cane":39,"farmersdelight:onion":1,"minecraft:crafting_table":2,"farmersdelight:rice":4,"minecraft:white_bed":1,"minecraft:oak_log":3,"create:mechanical_press":2,"minecraft:bread":4,"minecraft:iron_pickaxe":119,"minecraft:suspicious_stew":4,"create:water_wheel":1,"vinery:fermentation_barrel":1,"vinery:noir_wine":12,"supplementaries:flax_seeds":12,"minecraft:stone_axe":74,"minecraft:cobblestone":9,"vinery:grapevine_pot":1,"minecraft:bucket":12,"minecraft:stripped_oak_log":5,"create:hand_crank":28,"create:vertical_gearbox":2,"vinery:red_grape_seeds":3,"minecraft:bone_meal":12,"create:large_cogwheel":2},"minecraft:crafted":{"minecraft:oak_planks":60,"minecraft:barrel":1,"minecraft:iron_nugget":36,"minecraft:furnace":1,"vinery:grapevine_pot":1,"minecraft:bone_meal":12,"create:mechanical_bearing":1,"create:vertical_gearbox":1,"minecraft:glass":3,"vinery:fermentation_barrel":1,"create:mechanical_press":1,"minecraft:iron_axe":1,"minecraft:iron_hoe":1,"born_in_chaos_v1:fried_maggot":8,"minecraft:stone_pickaxe":1,"minecraft:chest":3,"alexsmobs:flying_fish_boots":1,"create:cogwheel":9,"vinery:wine_bottle":4,"minecraft:cooked_beef":4,"minecraft:glass_bottle":3,"farmersdelight:tomato_seeds":11,"minecraft:oak_slab":6,"create:andesite_alloy":25,"create:hand_crank":1,"vinery:noir_wine":2,"vinery:grapevine_stem":8,"minecraft:crafting_table":2,"farmersdelight:iron_knife":1,"minecraft:copper_ingot":24,"minecraft:birch_planks":24,"minecraft:stone_axe":1,"farmersdelight:wheat_dough":15,"minecraft:bread":16,"minecraft:air":0,"create:gearbox":1,"farmersdelight:cutting_board":1,"create:water_wheel":1,"minecraft:shield":1,"minecraft:stick":12,"minecraft:iron_ingot":35,"minecraft:iron_pickaxe":1,"minecraft:iron_block":1,"minecraft:iron_shovel":1,"create:large_cogwheel":1,"vinery:red_grape_seeds":7,"minecraft:white_bed":1,"create:mechanical_drill":1,"create:shaft":16,"minecraft:andesite":4,"minecraft:torch":8,"minecraft:shears":1,"vinery:basket":1},"minecraft:dropped":{"minecraft:iron_ingot":5,"minecraft:mossy_cobblestone":2,"minecraft:coal":20,"minecraft:dirt":1,"gravestone:obituary":10,"alexsmobs:raccoon_tail":1,"minecraft:bowl":1,"minecraft:birch_sapling":1,"born_in_chaos_v1:ethereal_spirit":1,"born_in_chaos_v1:marigolds":1},"minecraft:mined":{"create:zinc_ore":22,"minecraft:mossy_cobblestone":1,"create:andesite_casing":5,"gravestone:gravestone":8,"minecraft:grass_block":29,"create:large_cogwheel":1,"farmersdelight:tomatoes":2,"farmersdelight:wild_cabbages":2,"vinery:basket":2,"minecraft:redstone_ore":5,"create:shaft":1,"minecraft:furnace":1,"minecraft:carrots":12,"minecraft:iron_ore":38,"minecraft:fire":3,"supplementaries:flax":5,"minecraft:andesite":23,"treechop:chopped_log":3,"vinery:grapevine_stem":1,"minecraft:stone":24,"create:mechanical_press":1,"create:cogwheel":1,"born_in_chaos_v1:marigolds":1,"vinery:red_grape_bush":2,"supplementaries:wild_flax":8,"minecraft:cobblestone":2,"minecraft:tall_grass":32,"minecraft:copper_ore":7,"minecraft:lapis_ore":2,"minecraft:sugar_cane":22,"minecraft:oak_planks":5,"minecraft:diorite":4,"supplementaries:urn":3,"cavesanddepths:slate":2,"create:gearbox":3,"minecraft:birch_log":6,"minecraft:wheat":37,"born_in_chaos_v1:river_mint":14,"create:mechanical_drill":37,"minecraft:grass":54,"minecraft:coal_ore":52,"minecraft:oak_log":1,"create:mechanical_bearing":3,"create:hand_crank":5,"minecraft:sand":3,"minecraft:dirt":31,"minecraft:gold_ore":2,"minecraft:oak_leaves":1},"minecraft:custom":{"minecraft:mob_kills":45,"minecraft:interact_with_crafting_table":40,"minecraft:leave_game":1,"minecraft:time_since_death":20200,"minecraft:sprint_one_cm":340750,"minecraft:damage_blocked_by_shield":385,"minecraft:walk_one_cm":404493,"minecraft:drop":24,"minecraft:play_time":240214,"minecraft:deaths":10,"minecraft:sneak_time":5195,"minecraft:walk_under_water_one_cm":47456,"minecraft:jump":2643,"minecraft:walk_on_water_one_cm":44905,"minecraft:total_world_time":240214,"minecraft:interact_with_furnace":46,"minecraft:sleep_in_bed":13,"minecraft:time_since_rest":540,"minecraft:damage_taken":2696,"minecraft:damage_dealt":7163,"minecraft:swim_one_cm":52222,"minecraft:fly_one_cm":684019,"minecraft:open_chest":58,"minecraft:crouch_one_cm":7458,"minecraft:fall_one_cm":321054},"minecraft:picked_up":{"minecraft:wheat":37,"vinery:red_grape":68,"born_in_chaos_v1:river_mint":14,"minecraft:wooden_pickaxe":1,"minecraft:string":5,"minecraft:raw_copper":24,"irons_spellbooks:arcane_essence":8,"create:mechanical_press":1,"minecraft:bucket":1,"alexsmobs:raccoon_tail":2,"minecraft:sugar_cane":39,"minecraft:birch_sapling":1,"farmersdelight:cabbage_seeds":2,"minecraft:furnace":1,"minecraft:stick":14,"minecraft:raw_iron":38,"farmersdelight:rotten_tomato":2,"minecraft:torch":2,"create:andesite_casing":5,"farmersdelight:tomato_seeds":4,"create:hand_crank":28,"minecraft:diorite":6,"minecraft:carrot":45,"minecraft:redstone":22,"supplementaries:flax":5,"create:vertical_gearbox":1,"create:large_cogwheel":1,"minecraft:arrow":1,"minecraft:rotten_flesh":6,"minecraft:beetroot_seeds":3,"born_in_chaos_v1:sea_terror_eye":2,"farmersdelight:tree_bark":5,"cavesanddepths:cobbled_slate":2,"vinery:basket":2,"farmersdelight:rope":16,"alexsmobs:flying_fish":5,"minecraft:cod":1,"minecraft:stripped_oak_log":5,"minecraft:white_wool":8,"minecraft:cobblestone":32,"minecraft:birch_log":6,"born_in_chaos_v1:corpse_maggot":14,"supplementaries:wild_flax":1,"create:iron_sheet":4,"minecraft:andesite":46,"create:raw_zinc":16,"minecraft:oak_log":30,"supplementaries:flax_seeds":25,"minecraft:horn_coral":1,"minecraft:gunpowder":13,"minecraft:lapis_lazuli":12,"farmersdelight:tomato":11,"minecraft:dirt":61,"born_in_chaos_v1:marigolds":1,"minecraft:bone":4,"minecraft:wheat_seeds":116,"create:mechanical_drill":37,"minecraft:raw_gold":2,"minecraft:iron_ingot":1,"vinery:grapevine_stem":2,"create:shaft":1,"minecraft:oak_planks":5,"bakery:strawberry":3,"create:mechanical_bearing":3,"create:cogwheel":1,"born_in_chaos_v1:ethereal_spirit":1,"minecraft:sand":3,"create:gearbox":2,"minecraft:mossy_cobblestone":2,"minecraft:pumpkin_seeds":4,"minecraft:slime_ball":1,"minecraft:golden_horse_armor":1,"alexsmobs:maggot":3,"minecraft:oak_sapling":20,"born_in_chaos_v1:rotten_fish":12,"minecraft:melon_seeds":4,"born_in_chaos_v1:sea_terror_stomach":1,"minecraft:coal":51}},"DataVersion":3120}