{"stats":{"minecraft:crafted":{"minecraft:crafting_table":1,"minecraft:spruce_planks":20,"minecraft:stick":8,"minecraft:wooden_pickaxe":1,"minecraft:stone_pickaxe":1,"minecraft:furnace":2,"minecraft:stone_axe":1},"minecraft:used":{"minecraft:water_bucket":14,"minecraft:stone_pickaxe":55,"minecraft:baked_potato":4,"minecraft:wooden_pickaxe":12,"minecraft:stone_axe":20,"minecraft:dirt":2,"minecraft:crafting_table":3,"minecraft:furnace":2,"minecraft:bucket":15,"minecraft:spruce_log":4},"minecraft:dropped":{"gravestone:obituary":13},"minecraft:mined":{"minecraft:seagrass":3,"minecraft:tall_seagrass":1,"minecraft:coarse_dirt":2,"minecraft:iron_ore":8,"minecraft:spruce_log":20,"minecraft:clay":23,"minecraft:crafting_table":2,"minecraft:glow_lichen":1,"gravestone:gravestone":8,"minecraft:grass_block":9,"minecraft:coal_ore":14,"minecraft:dirt":9,"minecraft:spruce_leaves":4,"minecraft:stone":45},"minecraft:picked_up":{"minecraft:coarse_dirt":2,"minecraft:crafting_table":2,"minecraft:raw_iron":8,"minecraft:clay_ball":92,"minecraft:spruce_sapling":1,"gravestone:obituary":5,"minecraft:spruce_log":20,"minecraft:dirt":29,"minecraft:bucket":1,"minecraft:coal":14,"minecraft:cobblestone":45},"minecraft:custom":{"minecraft:time_since_rest":14124,"minecraft:interact_with_furnace":10,"minecraft:sprint_one_cm":25612,"minecraft:damage_taken":3565,"minecraft:walk_one_cm":63145,"minecraft:mob_kills":1,"minecraft:drop":13,"minecraft:damage_dealt":414,"minecraft:interact_with_crafting_table":6,"minecraft:swim_one_cm":133974,"minecraft:fly_one_cm":35176,"minecraft:open_chest":4,"minecraft:crouch_one_cm":51,"minecraft:interact_with_loom":2,"minecraft:play_time":60241,"minecraft:deaths":10,"minecraft:sneak_time":873,"minecraft:walk_under_water_one_cm":141799,"minecraft:damage_dealt_resisted":9,"minecraft:jump":224,"minecraft:leave_game":10,"minecraft:time_since_death":12317,"minecraft:walk_on_water_one_cm":47894,"minecraft:climb_one_cm":2225,"minecraft:total_world_time":60241,"minecraft:fall_one_cm":5008,"minecraft:inspect_dispenser":3}},"DataVersion":3465}