{"stats":{"minecraft:broken":{"minecraft:wooden_pickaxe":1,"minecraft:stone_pickaxe":1,"minecraft:stone_axe":1},"minecraft:dropped":{"minecraft:iron_ingot":5,"minecraft:mossy_cobblestone":2,"minecraft:coal":20,"minecraft:dirt":1,"gravestone:obituary":10,"alexsmobs:raccoon_tail":1,"minecraft:bowl":1,"minecraft:birch_sapling":1,"born_in_chaos_v1:ethereal_spirit":1,"minecraft:shears":1,"minecraft:carrot":1,"born_in_chaos_v1:marigolds":1},"minecraft:mined":{"create:zinc_ore":22,"minecraft:mossy_cobblestone":1,"create:andesite_casing":5,"gravestone:gravestone":8,"minecraft:grass_block":35,"create:large_cogwheel":1,"farmersdelight:tomatoes":2,"farmersdelight:wild_cabbages":2,"vinery:basket":2,"minecraft:hay_block":40,"minecraft:redstone_ore":5,"create:shaft":1,"minecraft:furnace":1,"minecraft:carrots":25,"minecraft:iron_ore":38,"minecraft:fire":3,"supplementaries:flax":9,"minecraft:andesite":23,"treechop:chopped_log":16,"sophisticatedstorage:chest":1,"vinery:grapevine_stem":1,"farmersdelight:rice_panicles":3,"irons_spellbooks:inscription_table":2,"minecraft:stone":24,"create:mechanical_press":1,"farmersdelight:cooking_pot":1,"create:cogwheel":1,"born_in_chaos_v1:marigolds":1,"minecraft:oak_fence":1,"minecraft:clay":6,"vinery:red_grape_bush":2,"supplementaries:wild_flax":13,"minecraft:cobblestone":2,"minecraft:copper_ore":7,"minecraft:tall_grass":33,"minecraft:lapis_ore":2,"minecraft:sugar_cane":58,"minecraft:oak_planks":5,"minecraft:diorite":4,"supplementaries:urn":3,"cavesanddepths:slate":2,"create:gearbox":3,"minecraft:birch_log":6,"minecraft:wheat":60,"born_in_chaos_v1:river_mint":14,"create:mechanical_drill":49,"minecraft:grass":66,"create:mechanical_bearing":3,"minecraft:oak_log":1,"minecraft:coal_ore":74,"minecraft:gravel":17,"create:hand_crank":7,"minecraft:dirt":31,"minecraft:sand":3,"minecraft:gold_ore":2,"minecraft:oak_leaves":2},"minecraft:picked_up":{"minecraft:wheat":60,"vinery:red_grape":89,"born_in_chaos_v1:river_mint":14,"minecraft:clay_ball":24,"farmersdelight:rice_panicle":3,"minecraft:wooden_pickaxe":1,"minecraft:string":5,"minecraft:raw_copper":24,"irons_spellbooks:arcane_essence":8,"create:mechanical_press":1,"minecraft:bucket":1,"alexsmobs:raccoon_tail":2,"minecraft:sugar_cane":106,"minecraft:birch_sapling":1,"irons_spellbooks:inscription_table":2,"farmersdelight:cabbage_seeds":2,"minecraft:furnace":1,"minecraft:raw_iron":38,"minecraft:stick":34,"farmersdelight:rotten_tomato":2,"minecraft:oak_fence":1,"minecraft:torch":2,"create:andesite_casing":5,"farmersdelight:tomato_seeds":4,"create:hand_crank":36,"minecraft:diorite":6,"minecraft:carrot":98,"minecraft:redstone":22,"supplementaries:flax":9,"create:vertical_gearbox":1,"create:large_cogwheel":1,"minecraft:arrow":1,"minecraft:rotten_flesh":6,"minecraft:beetroot_seeds":3,"born_in_chaos_v1:sea_terror_eye":2,"farmersdelight:tree_bark":5,"minecraft:shears":1,"minecraft:hay_block":40,"cavesanddepths:cobbled_slate":2,"vinery:basket":2,"farmersdelight:rope":16,"alexsmobs:flying_fish":5,"minecraft:cod":1,"minecraft:stripped_oak_log":5,"minecraft:white_wool":11,"minecraft:cobblestone":34,"minecraft:birch_log":6,"born_in_chaos_v1:corpse_maggot":17,"supplementaries:wild_flax":1,"create:iron_sheet":4,"minecraft:andesite":51,"minecraft:flint":1,"create:raw_zinc":16,"minecraft:oak_log":108,"supplementaries:flax_seeds":38,"minecraft:gunpowder":13,"minecraft:horn_coral":1,"minecraft:lapis_lazuli":12,"farmersdelight:tomato":27,"minecraft:dirt":67,"born_in_chaos_v1:marigolds":1,"minecraft:bone":4,"minecraft:apple":3,"farmersdelight:cooking_pot":1,"farmersdelight:wheat_dough":39,"minecraft:wheat_seeds":181,"create:mechanical_drill":49,"minecraft:raw_gold":2,"minecraft:iron_ingot":1,"sophisticatedstorage:chest":1,"create:shaft":1,"vinery:grapevine_stem":2,"minecraft:oak_planks":5,"bakery:strawberry":3,"create:mechanical_bearing":3,"create:cogwheel":1,"minecraft:gravel":16,"born_in_chaos_v1:ethereal_spirit":1,"vinery:white_grape":9,"minecraft:sand":3,"create:gearbox":2,"minecraft:mossy_cobblestone":2,"minecraft:pumpkin_seeds":4,"minecraft:slime_ball":1,"minecraft:granite":1,"minecraft:bone_meal":1,"minecraft:golden_horse_armor":1,"alexsmobs:maggot":3,"born_in_chaos_v1:rotten_fish":12,"minecraft:oak_sapling":55,"minecraft:melon_seeds":4,"born_in_chaos_v1:sea_terror_stomach":1,"minecraft:coal":73},"minecraft:custom":{"minecraft:mob_kills":48,"minecraft:animals_bred":3,"minecraft:interact_with_crafting_table":62,"minecraft:leave_game":2,"minecraft:time_since_death":89848,"minecraft:climb_one_cm":1068,"minecraft:sprint_one_cm":483348,"minecraft:damage_blocked_by_shield":385,"minecraft:walk_one_cm":525526,"minecraft:drop":26,"minecraft:talked_to_villager":10,"minecraft:play_time":309862,"minecraft:deaths":10,"minecraft:sneak_time":5944,"minecraft:walk_under_water_one_cm":52824,"minecraft:jump":3790,"minecraft:walk_on_water_one_cm":53160,"minecraft:total_world_time":309862,"minecraft:interact_with_furnace":56,"minecraft:sleep_in_bed":18,"minecraft:time_since_rest":11180,"minecraft:damage_taken":2905,"minecraft:damage_dealt":7552,"minecraft:swim_one_cm":73833,"minecraft:fly_one_cm":1029963,"minecraft:open_chest":129,"minecraft:crouch_one_cm":8276,"minecraft:fall_one_cm":477154},"minecraft:used":{"irons_spellbooks:inscription_table":2,"minecraft:oak_fence":17,"minecraft:iron_shovel":51,"farmersdelight:stove":1,"minecraft:chest":4,"minecraft:shield":10,"born_in_chaos_v1:fried_maggot":8,"minecraft:rotten_flesh":2,"create:mechanical_bearing":3,"minecraft:torch":10,"minecraft:dirt":33,"create:cogwheel":4,"minecraft:carrot":70,"vinery:basket":3,"born_in_chaos_v1:corpse_maggot":6,"minecraft:iron_hoe":152,"create:gearbox":2,"minecraft:iron_axe":194,"vinery:grapevine_stem":5,"supplementaries:wild_flax":1,"cavesanddepths:cobbled_slate":2,"totemic:totem_whittling_knife":1,"farmersdelight:cutting_board":1,"minecraft:oak_sapling":16,"create:mechanical_drill":49,"create:shaft":3,"farmersdelight:cooking_pot":2,"minecraft:furnace":2,"minecraft:cooked_beef":4,"farmersdelight:tomato_seeds":15,"minecraft:wheat_seeds":114,"minecraft:water_bucket":7,"minecraft:diorite":2,"minecraft:stone_pickaxe":120,"alexsmobs:flying_fish_boots":1,"minecraft:wooden_pickaxe":30,"minecraft:sugar_cane":40,"farmersdelight:onion":1,"minecraft:crafting_table":2,"farmersdelight:rice":7,"minecraft:white_bed":1,"minecraft:oak_log":6,"create:mechanical_press":2,"minecraft:bread":10,"minecraft:iron_pickaxe":144,"minecraft:suspicious_stew":4,"create:water_wheel":1,"vinery:fermentation_barrel":1,"minecraft:gravel":16,"sophisticatedstorage:chest":1,"vinery:noir_wine":12,"supplementaries:flax_seeds":16,"minecraft:stone_axe":74,"minecraft:cobblestone":9,"sophisticatedstorage:iron_chest":1,"vinery:grapevine_pot":1,"minecraft:bucket":27,"minecraft:stripped_oak_log":5,"create:hand_crank":36,"create:vertical_gearbox":2,"vinery:red_grape_seeds":3,"minecraft:bone_meal":15,"create:large_cogwheel":2},"minecraft:crafted":{"minecraft:brick":24,"minecraft:oak_planks":108,"minecraft:barrel":1,"minecraft:iron_nugget":36,"sophisticatedstorage:iron_chest":1,"minecraft:furnace":1,"vinery:grapevine_pot":1,"totemic:totem_whittling_knife":1,"minecraft:bone_meal":15,"create:mechanical_bearing":1,"sophisticatedstorage:copper_chest":1,"create:vertical_gearbox":1,"minecraft:glass":3,"vinery:fermentation_barrel":1,"sophisticatedstorage:upgrade_base":1,"create:mechanical_press":1,"minecraft:iron_axe":1,"minecraft:iron_hoe":1,"born_in_chaos_v1:fried_maggot":8,"minecraft:stone_pickaxe":1,"farmersdelight:rice":3,"minecraft:chest":4,"minecraft:bricks":4,"alexsmobs:flying_fish_boots":1,"create:cogwheel":9,"minecraft:oak_fence":18,"farmersdelight:stove":1,"vinery:wine_bottle":4,"minecraft:cooked_beef":4,"minecraft:glass_bottle":3,"farmersdelight:tomato_seeds":11,"minecraft:oak_slab":6,"minecraft:wooden_shovel":1,"create:andesite_alloy":25,"create:hand_crank":1,"vinery:noir_wine":2,"vinery:grapevine_stem":8,"minecraft:crafting_table":2,"farmersdelight:iron_knife":1,"minecraft:copper_ingot":24,"farmersdelight:cooking_pot":1,"minecraft:campfire":1,"minecraft:birch_planks":24,"minecraft:stone_axe":1,"farmersdelight:wheat_dough":54,"minecraft:bread":44,"minecraft:air":0,"create:gearbox":1,"farmersdelight:cutting_board":1,"sophisticatedstorage:chest":1,"minecraft:string":4,"create:water_wheel":1,"minecraft:shield":1,"minecraft:stick":20,"sophisticatedstorage:filter_upgrade":1,"minecraft:iron_ingot":38,"minecraft:iron_pickaxe":1,"minecraft:iron_block":1,"minecraft:iron_shovel":1,"create:large_cogwheel":1,"vinery:red_grape_seeds":7,"minecraft:white_bed":1,"create:mechanical_drill":1,"minecraft:redstone_torch":1,"create:shaft":16,"minecraft:andesite":4,"minecraft:torch":8,"minecraft:shears":1,"vinery:basket":1},"minecraft:killed_by":{"realmrpg_demons:chort":1,"minecraft:creeper":1,"minecraft:spider":1,"born_in_chaos_v1:corpse_fly":1,"irons_spellbooks:necromancer":2,"alexsmobs:grizzly_bear":1},"minecraft:killed":{"irons_spellbooks:summoned_zombie":4,"born_in_chaos_v1:restless_spirit":1,"alexsmobs:raccoon":5,"minecraft:spider":1,"born_in_chaos_v1:maggot":1,"minecraft:skeleton":2,"born_in_chaos_v1:corpse_fish":4,"alexsmobs:flying_fish":2,"born_in_chaos_v1:barrel_zombie":2,"minecraft:pig":1,"born_in_chaos_v1:glutton_fish":1,"majruszsdifficulty:cursed_armor":1,"irons_spellbooks:necromancer":1,"minecraft:creeper":1,"born_in_chaos_v1:decrepit_skeleton":1,"born_in_chaos_v1:bloody_gadfly":1,"minecraft:zombie":3,"born_in_chaos_v1:corpse_fly":11,"alexsmobs:fly":3}},"DataVersion":3120}