{"stats":{"minecraft:custom":{"minecraft:mob_kills":168,"minecraft:interact_with_crafting_table":36,"minecraft:open_barrel":21,"minecraft:leave_game":4,"minecraft:time_since_death":16748,"minecraft:climb_one_cm":22533,"minecraft:sprint_one_cm":362019,"minecraft:walk_one_cm":440881,"minecraft:damage_blocked_by_shield":2935,"minecraft:drop":21,"minecraft:play_time":208284,"minecraft:deaths":12,"minecraft:sneak_time":8350,"minecraft:walk_under_water_one_cm":16908,"minecraft:jump":3026,"minecraft:walk_on_water_one_cm":16437,"minecraft:total_world_time":208284,"minecraft:interact_with_furnace":9,"minecraft:sleep_in_bed":10,"minecraft:time_since_rest":440,"minecraft:damage_taken":4572,"minecraft:damage_dealt":28721,"minecraft:swim_one_cm":25412,"minecraft:fly_one_cm":1036923,"minecraft:player_kills":2,"minecraft:open_chest":149,"minecraft:crouch_one_cm":15716,"minecraft:fish_caught":30,"minecraft:interact_with_smoker":35,"minecraft:fall_one_cm":72495},"minecraft:broken":{"minecraft:stone_pickaxe":1,"minecraft:shield":1,"minecraft:iron_axe":3,"minecraft:stone_axe":1},"minecraft:crafted":{"minecraft:stone_shovel":1,"minecraft:fishing_rod":1,"minecraft:furnace":2,"minecraft:cooked_mutton":3,"minecraft:iron_boots":1,"minecraft:iron_axe":4,"minecraft:iron_hoe":1,"minecraft:stone_pickaxe":1,"minecraft:chest":5,"minecraft:dark_oak_planks":8,"minecraft:smoker":1,"minecraft:cooked_cod":29,"minecraft:cooked_porkchop":4,"minecraft:crafting_table":2,"minecraft:spruce_planks":60,"minecraft:wooden_pickaxe":2,"minecraft:iron_helmet":1,"minecraft:cooked_salmon":3,"minecraft:bucket":1,"minecraft:birch_planks":40,"minecraft:stone_axe":1,"minecraft:air":0,"minecraft:shield":2,"minecraft:stick":44,"minecraft:iron_pickaxe":1,"minecraft:iron_ingot":43,"minecraft:gold_ingot":9,"minecraft:iron_leggings":1,"minecraft:white_bed":1,"minecraft:torch":76},"minecraft:picked_up":{"majruszsdifficulty:tattered_boots":1,"minecraft:crafting_table":4,"minecraft:iron_chestplate":7,"born_in_chaos_v1:river_mint":1,"minecraft:clay_ball":76,"minecraft:leather_leggings":2,"minecraft:brown_mushroom":6,"minecraft:lead":4,"minecraft:wooden_pickaxe":1,"minecraft:enchanted_book":1,"minecraft:stone_brick_stairs":1,"gravestone:obituary":3,"minecraft:shield":11,"minecraft:string":19,"minecraft:moss_carpet":6,"minecraft:raw_copper":16,"minecraft:iron_axe":4,"minecraft:iron_leggings":7,"minecraft:pufferfish":3,"minecraft:cracked_stone_bricks":8,"minecraft:diamond_leggings":2,"bosses_of_mass_destruction:soul_star":2,"improvableskills:scroll_normal":2,"minecraft:spruce_planks":30,"minecraft:redstone_torch":2,"minecraft:spruce_slab":6,"minecraft:poppy":2,"minecraft:iron_pickaxe":13,"minecraft:melon_slice":5,"minecraft:sugar_cane":14,"minecraft:chest":6,"minecraft:birch_sapling":1,"minecraft:iron_boots":7,"minecraft:tipped_arrow":3,"minecraft:stick":15,"minecraft:raw_iron":40,"minecraft:torch":333,"minecraft:porkchop":4,"minecraft:carrot":2,"minecraft:stone_sword":4,"minecraft:arrow":69,"minecraft:diamond_chestplate":6,"minecraft:rotten_flesh":231,"minecraft:cooked_cod":12,"minecraft:tropical_fish":1,"create:ochrum":1,"minecraft:shears":4,"create:veridium":2,"artifacts:panic_necklace":10,"minecraft:glow_berries":1,"minecraft:mutton":3,"minecraft:cod":18,"minecraft:white_wool":5,"minecraft:cobblestone":107,"minecraft:birch_log":15,"born_in_chaos_v1:corpse_maggot":48,"minecraft:leather_chestplate":1,"minecraft:feather":2,"minecraft:salmon":7,"minecraft:golden_leggings":6,"minecraft:red_mushroom":6,"minecraft:music_disc_stal":4,"minecraft:smoker":3,"minecraft:flint":2,"minecraft:yellow_bed":4,"minecraft:lapis_lazuli":8,"minecraft:dirt":28,"minecraft:name_tag":1,"minecraft:bone":148,"minecraft:apple":4,"minecraft:stone_bricks":61,"minecraft:bow":15,"minecraft:wheat_seeds":17,"minecraft:mossy_stone_bricks":5,"minecraft:diamond_helmet":6,"minecraft:bamboo":10,"minecraft:mossy_stone_brick_stairs":2,"minecraft:iron_sword":6,"irons_spellbooks:frozen_bone":26,"minecraft:sweet_berries":19,"minecraft:spruce_sapling":12,"minecraft:spruce_log":15,"minecraft:spider_eye":1,"minecraft:leather_helmet":6,"minecraft:diamond":4,"minecraft:stone_axe":6,"minecraft:iron_helmet":11,"minecraft:diamond_axe":1,"minecraft:emerald":3,"minecraft:oak_sapling":4,"minecraft:stripped_dark_oak_log":8,"majruszsdifficulty:tattered_chestplate":3,"minecraft:coal":188},"minecraft:mined":{"gravestone:gravestone":2,"minecraft:grass_block":12,"create:ochrum":1,"minecraft:red_mushroom":6,"minecraft:spawner":8,"minecraft:large_fern":2,"minecraft:iron_ore":42,"treechop:chopped_log":3,"minecraft:vine":3,"minecraft:bamboo":1,"minecraft:stone":31,"create:veridium":2,"minecraft:brown_mushroom":6,"minecraft:smoker":3,"minecraft:crafting_table":4,"minecraft:clay":22,"minecraft:melon":1,"minecraft:chest":6,"minecraft:copper_ore":4,"minecraft:tall_grass":18,"minecraft:cobblestone":4,"minecraft:lapis_ore":2,"minecraft:sugar_cane":7,"minecraft:coarse_dirt":1,"minecraft:sweet_berry_bush":1,"minecraft:spruce_log":3,"minecraft:stone_brick_stairs":1,"minecraft:yellow_bed":4,"minecraft:grass":28,"minecraft:coal_ore":53,"minecraft:dirt":9,"minecraft:stone_bricks":7,"minecraft:mossy_stone_bricks":3,"minecraft:oak_leaves":18,"minecraft:fern":2},"minecraft:used":{"minecraft:stone_sword":22,"minecraft:stone_shovel":51,"minecraft:chest":11,"minecraft:shield":79,"minecraft:rotten_flesh":1,"minecraft:cooked_salmon":7,"minecraft:torch":37,"minecraft:dirt":7,"majruszsdifficulty:angler_treasure_bag":1,"minecraft:iron_axe":428,"minecraft:stone_brick_stairs":1,"minecraft:stone_bricks":3,"minecraft:bow":23,"minecraft:furnace":1,"minecraft:cooked_cod":24,"minecraft:cooked_mutton":3,"minecraft:water_bucket":1,"minecraft:mossy_stone_bricks":1,"minecraft:stone_pickaxe":132,"minecraft:wooden_pickaxe":9,"minecraft:crafting_table":5,"minecraft:crossbow":2,"minecraft:white_bed":1,"minecraft:smoker":4,"minecraft:diamond_shovel":2,"minecraft:iron_pickaxe":37,"minecraft:stone_axe":83,"minecraft:fishing_rod":44,"minecraft:cobblestone":8,"minecraft:cooked_porkchop":3,"minecraft:bucket":2,"minecraft:yellow_bed":4},"minecraft:dropped":{"minecraft:enchanted_book":1,"minecraft:wheat_seeds":5,"minecraft:diamond_axe":1,"minecraft:stick":1,"minecraft:dirt":1,"minecraft:torch":1,"minecraft:cooked_cod":5,"gravestone:obituary":4,"minecraft:iron_pickaxe":1,"minecraft:spruce_sapling":6,"minecraft:stone_sword":3},"minecraft:killed":{"hordes:zombie_player":9,"born_in_chaos_v1:restless_spirit":1,"alexsmobs:raccoon":1,"minecraft:spider":4,"alexsmobs:seagull":1,"born_in_chaos_v1:maggot":10,"minecraft:skeleton":28,"artifacts:mimic":1,"minecraft:husk":8,"minecraft:pig":4,"majruszsdifficulty:cursed_armor":1,"minecraft:creeper":1,"hordes:drowned_player":1,"minecraft:sheep":2,"minecraft:pillager":1,"endermanoverhaul:cave_enderman":1,"minecraft:zombie":75,"born_in_chaos_v1:corpse_fly":5,"minecraft:stray":5},"minecraft:killed_by":{"minecraft:player":4,"hordes:zombie_player":1,"minecraft:skeleton":2,"minecraft:zombie":2}},"DataVersion":3120}