{"stats":{"minecraft:custom":{"minecraft:mob_kills":5,"minecraft:interact_with_crafting_table":6,"minecraft:leave_game":2,"minecraft:time_since_death":30341,"minecraft:sleep_in_bed":3,"minecraft:climb_one_cm":7362,"minecraft:time_since_rest":22465,"minecraft:sprint_one_cm":405,"minecraft:damage_taken":1225,"minecraft:walk_one_cm":329808,"minecraft:damage_blocked_by_shield":90,"minecraft:drop":5,"minecraft:damage_dealt":779,"minecraft:swim_one_cm":7678,"minecraft:talked_to_villager":1,"minecraft:fly_one_cm":3191,"minecraft:open_chest":36,"minecraft:play_time":47617,"minecraft:deaths":2,"minecraft:walk_under_water_one_cm":7183,"minecraft:aviate_one_cm":663968,"minecraft:jump":705,"minecraft:walk_on_water_one_cm":5414,"minecraft:total_world_time":47617,"minecraft:fall_one_cm":7096},"minecraft:crafted":{"minecraft:iron_sword":1,"minecraft:birch_planks":52,"minecraft:stick":4,"minecraft:iron_pickaxe":1,"minecraft:white_bed":1,"minecraft:redstone_torch":1},"minecraft:broken":{"minecraft:shield":1,"minecraft:stone_axe":1,"minecraft:iron_sword":1},"minecraft:picked_up":{"minecraft:birch_log":13,"born_in_chaos_v1:corpse_maggot":1,"minecraft:coarse_dirt":1,"minecraft:wheat":2,"minecraft:chainmail_boots":1,"minecraft:jungle_log":9,"minecraft:leather_leggings":1,"tconstruct:materials_and_you":1,"minecraft:birch_planks":29,"minecraft:stone_brick_stairs":6,"minecraft:chainmail_chestplate":1,"minecraft:gunpowder":1,"minecraft:dirt":125,"minecraft:red_bed":1,"minecraft:bone":4,"minecraft:apple":5,"minecraft:wheat_seeds":18,"minecraft:jungle_sapling":2,"minecraft:sugar_cane":6,"minecraft:birch_sapling":2,"minecraft:acacia_sapling":4,"minecraft:stick":5,"minecraft:raw_iron":1,"minecraft:acacia_log":12,"minecraft:dripstone_block":1,"minecraft:cookie":6,"alexsmobs:animal_dictionary":1,"minecraft:leather_helmet":1,"minecraft:arrow":4,"minecraft:shears":1,"minecraft:diamond_axe":2,"minecraft:bread":18,"majruszsdifficulty:tattered_chestplate":1,"minecraft:coal":22,"minecraft:white_wool":3,"minecraft:cobblestone":5},"minecraft:mined":{"minecraft:red_bed":1,"gravestone:gravestone":1,"minecraft:grass_block":125,"minecraft:tall_grass":1,"minecraft:deepslate_coal_ore":11,"minecraft:sugar_cane":1,"minecraft:coarse_dirt":1,"minecraft:iron_ore":1,"minecraft:wheat":4,"treechop:chopped_log":4,"minecraft:grass":9,"minecraft:coal_ore":12,"minecraft:dripstone_block":1,"minecraft:stone":3,"minecraft:white_wool":3,"minecraft:oak_leaves":1,"minecraft:fern":1},"minecraft:used":{"minecraft:wheat_seeds":4,"minecraft:iron_shovel":135,"minecraft:birch_planks":49,"minecraft:shield":3,"minecraft:iron_sword":19,"minecraft:diamond_axe":30,"minecraft:dirt":124,"minecraft:tnt":1,"minecraft:white_bed":1,"minecraft:shears":3,"minecraft:redstone_torch":1,"minecraft:diamond_shovel":1,"minecraft:bread":12,"minecraft:iron_pickaxe":30,"minecraft:stone_axe":4,"minecraft:cobblestone":1},"minecraft:dropped":{"majruszsdifficulty:tattered_chestplate":1,"minecraft:birch_sapling":1,"minecraft:potato":3,"minecraft:spruce_planks":1,"minecraft:jungle_sapling":1},"minecraft:killed":{"minecraft:husk":2,"minecraft:spider":1,"born_in_chaos_v1:maggot":1,"minecraft:zombie":1},"minecraft:killed_by":{"minecraft:husk":1}},"DataVersion":3120}