{"stats":{"minecraft:picked_up":{"minecraft:wheat_seeds":2},"minecraft:dropped":{"minecraft:wheat_seeds":2},"minecraft:custom":{"minecraft:jump":55,"minecraft:time_since_rest":58157,"minecraft:walk_on_water_one_cm":130,"minecraft:sprint_one_cm":9886,"minecraft:leave_game":1,"minecraft:play_time":58157,"minecraft:damage_taken":20,"minecraft:time_since_death":58157,"minecraft:walk_one_cm":2118,"minecraft:climb_one_cm":88,"minecraft:total_world_time":58157,"minecraft:walk_under_water_one_cm":173,"minecraft:drop":1,"minecraft:fall_one_cm":2727,"minecraft:fly_one_cm":16307},"minecraft:mined":{"minecraft:grass":6}},"DataVersion":3465}