{"stats":{"minecraft:crafted":{"minecraft:brick":28,"minecraft:smooth_stone":3,"minecraft:oak_planks":36,"epicsamurai:silver_ingot":27,"epicsamurai:gray_samurai_chestplate":1,"epicsamurai:gray_samurai_leggings_master":1,"irons_spellbooks:iron_spell_book":1,"minecraft:chain":3,"simplytools:iron_hammer_head":1,"epicsamurai:gray_samurai_helmet_light":1,"minecraft:stone":3,"minecraft:bookshelf":19,"born_in_chaos_v1:dark_metal_ingot":1,"minecraft:glass":45,"minecraft:chest":8,"immersive_armors:wooden_helmet":2,"alexsmobs:cooked_catfish":6,"minecraft:bricks":4,"born_in_chaos_v1:pileof_dark_metal":1,"minecraft:smoker":1,"farmersdelight:stove":1,"farmersdelight:tomato_seeds":1,"minecraft:wooden_shovel":1,"travelersbackpack:iron_tier_upgrade":1,"born_in_chaos_v1:smoked_fish":3,"minecraft:cooked_porkchop":4,"minecraft:crafting_table":3,"minecraft:spruce_planks":1864,"farmersdelight:iron_knife":1,"minecraft:baked_potato":297,"travelersbackpack:standard":5,"minecraft:smithing_table":1,"travelersbackpack:blue_sleeping_bag":1,"minecraft:birch_planks":8,"minecraft:campfire":2,"farmersdelight:organic_compost":48,"farmersdelight:wheat_dough":24,"farmersdelight:cutting_board":2,"minecraft:spruce_trapdoor":2,"simplytools:iron_hammer":1,"minecraft:shield":1,"minecraft:stick":72,"minecraft:iron_ingot":176,"minecraft:iron_pickaxe":3,"minecraft:gold_ingot":87,"minecraft:shears":1,"epicsamurai:katana":1,"minecraft:iron_nugget":9,"oceansdelight:fugu_roll":2,"minecraft:furnace":5,"minecraft:blast_furnace":1,"totemic:totem_whittling_knife":1,"minecraft:bone_meal":225,"minecraft:spruce_fence":3,"alexscaves:cave_map":1,"born_in_chaos_v1:smoked_monster_flesh":1,"travelersbackpack:blank_upgrade":4,"travelersbackpack:gold_tier_upgrade":1,"travelersbackpack:white_sleeping_bag":1,"born_in_chaos_v1:bone_handle":3,"minecraft:leather":30,"minecraft:iron_axe":4,"minecraft:spruce_slab":6,"farmersdelight:rice":35,"travelersbackpack:diamond_tier_upgrade":1,"ironchest:gold_chest":2,"epicsamurai:katana_handle":1,"minecraft:enchanting_table":1,"travelersbackpack:backpack_tank":6,"born_in_chaos_v1:nightmare_scythe":1,"minecraft:bowl":4,"minecraft:cooked_salmon":3,"farmersdelight:cooking_pot":1,"minecraft:bucket":1,"born_in_chaos_v1:bone_heart":1,"minecraft:bread":30,"minecraft:air":0,"minecraft:blue_dye":2,"ironchest:iron_to_gold_chest_upgrade":1,"minecraft:gold_nugget":9,"minecraft:blue_wool":2,"minecraft:iron_shovel":1,"irons_spellbooks:inscription_table":1,"epicsamurai:steel_ingot":29,"minecraft:torch":188,"born_in_chaos_v1:staffof_magic_arrows":1,"ironchest:iron_chest":3},"minecraft:used":{"irons_spellbooks:inscription_table":2,"minecraft:iron_shovel":513,"minecraft:chest":3,"minecraft:shield":5,"minecraft:decorated_pot":1,"farmersdelight:stove":1,"minecraft:iron_sword":53,"minecraft:rotten_flesh":5,"minecraft:iron_chestplate":2,"minecraft:snowball":4,"ironchest:iron_chest":1,"born_in_chaos_v1:corpse_maggot":2,"minecraft:lava_bucket":9,"farmersdelight:rotten_tomato":1,"minecraft:magma_block":2,"farmersdelight:cutting_board":2,"minecraft:sweet_berries":19,"minecraft:furnace":5,"minecraft:cooked_cod":11,"minecraft:potato":128,"minecraft:sugar_cane":20,"minecraft:blue_bed":1,"farmersdelight:pumpkin_slice":50,"farmersdelight:organic_compost":50,"minecraft:golden_apple":1,"minecraft:glow_berries":4,"minecraft:sand":2,"alexscaves:cave_book":5,"minecraft:blast_furnace":1,"farmersdelight:rice":53,"born_in_chaos_v1:monster_flesh":1,"minecraft:bread":47,"ironchest:iron_to_gold_chest_upgrade":1,"minecraft:gravel":4,"born_in_chaos_v1:smoked_monster_flesh":2,"born_in_chaos_v1:river_mint":1,"minecraft:smithing_table":1,"minecraft:chest_minecart":1,"minecraft:coarse_dirt":3,"minecraft:bone_meal":6,"minecraft:azalea":1,"minecraft:enchanting_table":1,"minecraft:spruce_planks":4,"born_in_chaos_v1:smoked_fish":2,"farmersdelight:rich_soil":11,"minecraft:cooked_salmon":10,"born_in_chaos_v1:fried_maggot":2,"minecraft:torch":197,"minecraft:dirt":155,"minecraft:chainmail_chestplate":1,"minecraft:salmon_bucket":1,"minecraft:iron_hoe":65,"minecraft:bookshelf":19,"minecraft:iron_axe":1491,"born_in_chaos_v1:nightmare_scythe":76,"simplytools:iron_hammer":1,"minecraft:smooth_basalt":1,"alexscaves:spelunkery_table":2,"totemic:totem_whittling_knife":8,"ironchest:gold_chest":2,"farmersdelight:cooking_pot":9,"minecraft:cooked_beef":1,"farmersdelight:tomato_seeds":3,"minecraft:beetroot_soup":1,"minecraft:pumpkin":1,"minecraft:cobbled_deepslate":28,"epicsamurai:gray_samurai_chestplate":1,"minecraft:iron_leggings":1,"farmersdelight:cooked_rice":17,"farmersdelight:iron_knife":127,"alexsmobs:cooked_catfish":6,"minecraft:water_bucket":130,"minecraft:birch_planks":1,"minecraft:baked_potato":223,"farmersdelight:onion":2,"minecraft:crafting_table":5,"minecraft:red_mushroom":4,"minecraft:spruce_log":86,"supplementaries:raked_gravel":1,"minecraft:campfire":1,"bosses_of_mass_destruction:soul_star":1,"minecraft:smoker":1,"minecraft:oak_log":5,"minecraft:diamond_pickaxe":21,"minecraft:iron_pickaxe":548,"oceansdelight:fugu_roll":1,"minecraft:spruce_trapdoor":1,"minecraft:spruce_sapling":25,"minecraft:fishing_rod":11,"epicsamurai:katana":1427,"minecraft:cobblestone":2,"minecraft:potion":1,"travelersbackpack:standard":8,"minecraft:purple_bed":5,"minecraft:cooked_porkchop":5,"minecraft:bucket":149,"alexsmobs:animal_dictionary":2},"minecraft:dropped":{"minecraft:iron_sword":1,"minecraft:lapis_lazuli":41,"crittersandcompanions:clam":32,"minecraft:baked_potato":71,"farmersdelight:pumpkin_slice":6,"minecraft:cooked_porkchop":1,"travelersbackpack:standard":1,"minecraft:flint":3,"farmersdelight:rice":8,"minecraft:item_frame":1,"minecraft:packed_mud":1,"minecraft:dirt":1,"gravestone:obituary":42,"alexscaves:cave_map":2,"minecraft:bone_block":2,"minecraft:iron_pickaxe":1,"minecraft:birch_log":3,"minecraft:bone":1,"minecraft:gravel":75,"minecraft:cobbled_deepslate":8,"minecraft:birch_sapling":4,"minecraft:wheat":21,"born_in_chaos_v1:smoked_fish":1,"minecraft:chainmail_chestplate":1,"oceansdelight:fugu_roll":1,"minecraft:chainmail_boots":1,"minecraft:leather_leggings":1,"minecraft:water_bucket":1,"minecraft:bread":6,"minecraft:lilac":1,"minecraft:iron_helmet":1,"minecraft:cobblestone":15,"minecraft:chainmail_helmet":1,"minecraft:golden_carrot":4,"minecraft:torch":1,"minecraft:rose_bush":2,"minecraft:flowering_azalea":1,"minecraft:iron_axe":2,"alexscaves:guanostone":4,"born_in_chaos_v1:staffof_magic_arrows":1,"minecraft:iron_shovel":1,"minecraft:smooth_basalt":3,"minecraft:bowl":3,"born_in_chaos_v1:smoked_monster_flesh":3,"minecraft:clay_ball":8,"minecraft:iron_boots":1,"minecraft:name_tag":1,"minecraft:pumpkin_seeds":1,"minecraft:filled_map":4,"minecraft:hay_block":19,"minecraft:spruce_planks":4,"minecraft:diamond_pickaxe":1,"minecraft:purple_bed":1,"minecraft:oak_sapling":283,"minecraft:red_tulip":1,"immersive_armors:wooden_helmet":3},"minecraft:broken":{"minecraft:iron_shovel":2,"minecraft:iron_boots":2,"minecraft:iron_leggings":1,"epicsamurai:gray_samurai_helmet_light":1,"epicsamurai:katana":1,"epicsamurai:gray_samurai_leggings_master":1,"minecraft:iron_axe":2,"minecraft:iron_helmet":1},"minecraft:killed":{"born_in_chaos_v1:zombie_clown":3,"alexsmobs:lobster":11,"minecraft:cave_spider":6,"alexscaves:gloomoth":1,"minecraft:witch":1,"born_in_chaos_v1:restless_spirit":6,"born_in_chaos_v1:zombie_lumberjack":3,"minecraft:spider":16,"born_in_chaos_v1:siamese_skeletonsright":4,"born_in_chaos_v1:baby_skeleton_minion":5,"born_in_chaos_v1:scarlet_persecutor":3,"minecraft:skeleton":17,"alexscaves:underzealot":3,"irons_spellbooks:summoned_skeleton":1,"enemyexpansion:vampflyer":2,"born_in_chaos_v1:bonescaller":2,"minecraft:pig":5,"enemyexpansion:ladybug":1,"born_in_chaos_v1:diamond_termite":7,"minecraft:zombie_villager":6,"minecraft:salmon":3,"epicsamurai:jorogumo":3,"irons_spellbooks:necromancer":1,"minecraft:creeper":1,"minecraft:sheep":2,"born_in_chaos_v1:zombie_fisherman":8,"minecraft:pillager":10,"minecraft:zombie":43,"born_in_chaos_v1:dread_hound":12,"alexsmobs:terrapin":1,"born_in_chaos_v1:corpse_fly":24,"cataclysm:deepling":1,"enemyexpansion:botfly":4,"minecraft:stray":1,"alexsmobs:fly":5,"minecraft:glow_squid":1,"born_in_chaos_v1:door_knight":6,"born_in_chaos_v1:siamese_skeletonsleft":4,"graveyard:corrupted_vindicator":1,"alexscaves:watcher":1,"alexscaves:vesper":2,"minecraft:vindicator":1,"born_in_chaos_v1:zombie_bruiser":6,"born_in_chaos_v1:maggot":53,"minecraft:drowned":29,"born_in_chaos_v1:corpse_fish":4,"born_in_chaos_v1:barrel_zombie":4,"born_in_chaos_v1:fallen_chaos_knight":1,"minecraft:husk":7,"born_in_chaos_v1:baby_skeleton":12,"born_in_chaos_v1:swarmer":2,"minecraft:squid":2,"born_in_chaos_v1:decrepit_skeleton":24,"born_in_chaos_v1:phantom_creeper_copy":1,"alexsmobs:catfish":2,"born_in_chaos_v1:bloody_gadfly":1,"born_in_chaos_v1:dark_vortex":2,"born_in_chaos_v1:nightmare_stalker":5,"minecraft:enderman":1},"minecraft:killed_by":{"minecraft:husk":1,"minecraft:player":3},"minecraft:mined":{"alexscaves:guanostone":70,"minecraft:spruce_planks":5,"farmersdelight:rich_soil":30,"supplementaries:raked_gravel":1,"minecraft:farmland":8,"minecraft:sculk_vein":1,"minecraft:obsidian":21,"minecraft:grass_block":8,"minecraft:stripped_crimson_hyphae":2,"epicsamurai:silver_ore":13,"minecraft:deepslate_bricks":2,"alexscaves:coprolith":42,"minecraft:spawner":6,"minecraft:tall_seagrass":2,"epicsamurai:deepslate_jade_ore":5,"minecraft:magma_block":2,"minecraft:iron_ore":19,"farmersdelight:rice":7,"minecraft:fire":25,"minecraft:cobbled_deepslate":7,"minecraft:pumpkin":15,"minecraft:deepslate_lapis_ore":2,"minecraft:sculk_shrieker":1,"epicsamurai:deepslate_silver_ore":12,"farmersdelight:rice_panicles":110,"betterarcheology:loot_vase":1,"minecraft:azalea":2,"farmersdelight:wild_potatoes":10,"minecraft:brown_mushroom":4,"brewery:wild_hops":1,"farmersdelight:organic_compost":2,"minecraft:clay":20,"minecraft:torch":19,"vinery:red_grape_bush":1,"minecraft:chest":1,"minecraft:cobblestone":2,"minecraft:sugar_cane":11,"minecraft:wall_torch":13,"minecraft:amethyst_block":10,"minecraft:cauldron":1,"farmersdelight:cutting_board":1,"born_in_chaos_v1:river_mint":3,"minecraft:grass":18,"minecraft:cracked_deepslate_tiles":2,"minecraft:oak_log":22,"alexscaves:coprolith_coal_ore":9,"minecraft:sand":47,"minecraft:dirt":446,"minecraft:smooth_basalt":4,"minecraft:oak_leaves":5,"minecraft:deepslate":64,"minecraft:deepslate_tiles":1,"alexscaves:spelunkery_table":1,"minecraft:tuff":1,"epicsamurai:deepslate_onyx_ore":8,"minecraft:deepslate_diamond_ore":4,"minecraft:cyan_stained_glass":3,"born_in_chaos_v1:infected_diamond_ore":1,"gravestone:gravestone":16,"minecraft:decorated_pot":2,"minecraft:tube_coral_wall_fan":1,"graveyard:tg_deepslate":2,"minecraft:spruce_leaves":81,"farmersdelight:red_mushroom_colony":4,"epicsamurai:onyx_ore":5,"minecraft:furnace":2,"minecraft:andesite":3,"minecraft:stripped_spruce_log":2,"treechop:chopped_log":131,"minecraft:bookshelf":44,"minecraft:potatoes":103,"minecraft:deepslate_iron_ore":29,"minecraft:stripped_oak_log":1,"minecraft:packed_ice":13,"irons_spellbooks:inscription_table":1,"minecraft:white_tulip":1,"minecraft:stone":23,"farmersdelight:cooking_pot":8,"epicsamurai:deepslate_aquamarine_ore":2,"minecraft:cornflower":1,"minecraft:crafting_table":4,"minecraft:sculk_sensor":2,"minecraft:copper_ore":8,"minecraft:deepslate_gold_ore":41,"minecraft:lapis_ore":4,"minecraft:sculk":9,"delightful:wild_salmonberries":11,"minecraft:blue_bed":1,"minecraft:purple_bed":6,"minecraft:spruce_log":400,"minecraft:coal_ore":108,"minecraft:cyan_carpet":1,"minecraft:gravel":60,"minecraft:cobweb":4,"minecraft:mossy_stone_bricks":1,"minecraft:fern":4,"epicsamurai:ruby_ore":4},"minecraft:picked_up":{"minecraft:iron_chestplate":2,"vinery:red_grape":2,"minecraft:wheat":21,"minecraft:chainmail_boots":4,"minecraft:prismarine_shard":4,"farmersdelight:rice_panicle":35,"minecraft:potion":1,"minecraft:amethyst_block":13,"farmersdelight:cutting_board":2,"minecraft:string":16,"minecraft:raw_copper":29,"minecraft:iron_leggings":2,"minecraft:beetroot_soup":1,"minecraft:pufferfish":1,"minecraft:beetroot":2,"minecraft:cobbled_deepslate":96,"bosses_of_mass_destruction:soul_star":4,"minecraft:bucket":1,"delightful:acorn":74,"minecraft:spruce_planks":6,"minecraft:white_tulip":1,"minecraft:rose_bush":2,"minecraft:azalea":2,"minecraft:wooden_shovel":1,"oceansdelight:fugu_slice":6,"minecraft:iron_pickaxe":3,"delightful:green_tea_leaf":41,"irons_spellbooks:inscription_table":1,"farmersdelight:cabbage_seeds":8,"minecraft:iron_boots":3,"minecraft:furnace":2,"minecraft:stick":292,"farmersdelight:red_mushroom_colony":1,"born_in_chaos_v1:shattered_skull":1,"farmersdelight:rotten_tomato":1,"born_in_chaos_v1:phantom_powder":4,"minecraft:torch":46,"minecraft:acacia_log":2,"minecraft:porkchop":12,"minecraft:cherry_log":2,"born_in_chaos_v1:nightmare_claw":9,"minecraft:cauldron":1,"born_in_chaos_v1:fried_maggot":2,"artifacts:lucky_scarf":2,"minecraft:rotten_flesh":181,"minecraft:tropical_fish":5,"farmersdelight:tree_bark":20,"minecraft:red_tulip":1,"farmersdelight:rope":9,"supplementaries:ash":2,"minecraft:obsidian":19,"minecraft:cod":5,"minecraft:snowball":12,"minecraft:cobblestone":50,"minecraft:nautilus_shell":2,"minecraft:birch_log":8,"minecraft:magma_block":2,"minecraft:cooked_beef":1,"minecraft:feather":5,"minecraft:lilac":1,"farmersdelight:rice":111,"minecraft:water_bucket":1,"minecraft:andesite":49,"minecraft:golden_leggings":1,"minecraft:potato":447,"minecraft:flint":27,"minecraft:tuff":1,"minecraft:lapis_lazuli":87,"farmersdelight:tomato":27,"minecraft:dirt":461,"minecraft:name_tag":2,"brewery:hops_seeds":2,"born_in_chaos_v1:monster_skin":23,"irons_spellbooks:iron_spell_book":1,"minecraft:bone":104,"travelersbackpack:backpack_tank":2,"farmersdelight:iron_knife":1,"minecraft:bow":3,"minecraft:wheat_seeds":18,"alexscaves:guano":2,"minecraft:raw_gold":58,"farmersdelight:pumpkin_slice":96,"minecraft:moss_block":2,"alexscaves:porous_coprolith":7,"crittersandcompanions:pearl":2,"epicsamurai:raw_silver":42,"minecraft:oak_planks":1,"minecraft:cooked_porkchop":2,"minecraft:poisonous_potato":1,"minecraft:sand":47,"minecraft:stripped_spruce_log":22,"minecraft:ink_sac":5,"alexsmobs:animal_dictionary":1,"minecraft:iron_hoe":2,"alexscaves:occult_gem":1,"minecraft:diamond":14,"waystones:waystone":2,"born_in_chaos_v1:nightmare_scythe":3,"epicsamurai:jorogumo_eye":3,"minecraft:bone_meal":14,"minecraft:oak_sapling":347,"minecraft:chainmail_helmet":2,"minecraft:emerald":2,"minecraft:bread":21,"alexsmobs:maggot":4,"born_in_chaos_v1:rotten_fish":11,"epicsamurai:ruby":4,"minecraft:fishing_rod":2,"minecraft:diamond_pickaxe":1,"minecraft:crafting_table":5,"born_in_chaos_v1:diamond_termite_shard":6,"minecraft:coarse_dirt":3,"born_in_chaos_v1:smoked_monster_flesh":4,"born_in_chaos_v1:river_mint":6,"minecraft:clay_ball":105,"minecraft:chest_minecart":1,"born_in_chaos_v1:seedof_chaos":4,"minecraft:leather_leggings":1,"minecraft:brown_mushroom":4,"gravestone:obituary":28,"minecraft:chain":1,"minecraft:brick":28,"minecraft:cornflower":1,"minecraft:moss_carpet":5,"minecraft:iron_axe":5,"born_in_chaos_v1:intoxicating_decoction":5,"minecraft:item_frame":1,"epicsamurai:jade":20,"minecraft:iron_shovel":3,"artifacts:fire_gauntlet":1,"farmersdelight:straw":105,"born_in_chaos_v1:gnawed_bones":3,"minecraft:sugar_cane":20,"minecraft:chest":1,"alexsmobs:cooked_lobster_tail":3,"minecraft:birch_sapling":4,"crittersandcompanions:clam":28,"minecraft:stripped_crimson_hyphae":2,"minecraft:raw_iron":109,"alexscaves:guanostone":113,"minecraft:copper_ingot":3,"minecraft:bowl":1,"farmersdelight:tomato_seeds":2,"minecraft:cookie":5,"minecraft:mangrove_sign":1,"born_in_chaos_v1:pieceofdarkmetal":14,"minecraft:carrot":1,"minecraft:redstone":6,"immersive_armors:wooden_helmet":2,"minecraft:arrow":40,"minecraft:cooked_cod":5,"alexscaves:dark_tatters":9,"minecraft:decorated_pot":3,"minecraft:peony":1,"minecraft:hay_block":19,"alexscaves:spelunkery_table":1,"alexscaves:vesper_wing":1,"minecraft:glow_berries":2,"minecraft:white_wool":22,"minecraft:bone_block":2,"minecraft:rail":18,"minecraft:stripped_oak_log":1,"born_in_chaos_v1:fused_bone":9,"minecraft:cracked_deepslate_tiles":1,"born_in_chaos_v1:corpse_maggot":54,"farmersdelight:rich_soil":30,"born_in_chaos_v1:monster_flesh":20,"minecraft:golden_carrot":4,"minecraft:glow_ink_sac":8,"minecraft:salmon":8,"minecraft:leather":2,"minecraft:red_mushroom":14,"minecraft:filled_map":3,"minecraft:birch_planks":3,"minecraft:packed_mud":1,"minecraft:oak_log":796,"minecraft:chainmail_chestplate":4,"minecraft:gunpowder":7,"minecraft:blue_bed":1,"supplementaries:raked_gravel":1,"farmersdelight:organic_compost":2,"minecraft:cooked_mutton":3,"minecraft:apple":42,"farmersdelight:cooking_pot":8,"minecraft:kelp":2,"minecraft:iron_ingot":33,"minecraft:cobweb":5,"minecraft:glass_bottle":1,"epicsamurai:aquamarine":3,"alexscaves:coprolith":45,"minecraft:iron_sword":3,"minecraft:flowering_azalea":2,"minecraft:book":132,"epicsamurai:onyx":20,"minecraft:smooth_basalt":4,"epicsamurai:katana":3,"alexscaves:moth_dust":7,"minecraft:pumpkin":15,"minecraft:sweet_berries":19,"born_in_chaos_v1:ethereal_spirit":21,"minecraft:gravel":268,"born_in_chaos_v1:dark_rod":4,"minecraft:amethyst_shard":1,"minecraft:spruce_sapling":73,"delightful:salmonberries":12,"minecraft:spruce_log":542,"minecraft:spider_eye":9,"travelersbackpack:standard":1,"alexsmobs:raw_catfish":6,"minecraft:pumpkin_seeds":4,"minecraft:purple_bed":7,"minecraft:slime_ball":1,"minecraft:chainmail_leggings":1,"minecraft:iron_helmet":3,"alexscaves:cave_map":2,"minecraft:baked_potato":6,"minecraft:coal":137},"minecraft:custom":{"minecraft:interact_with_crafting_table":119,"minecraft:open_barrel":32,"minecraft:bell_ring":2,"minecraft:eat_cake_slice":3,"minecraft:leave_game":25,"minecraft:time_since_death":47872,"minecraft:damage_resisted":278,"minecraft:sprint_one_cm":1121568,"minecraft:damage_blocked_by_shield":270,"minecraft:drop":191,"minecraft:talked_to_villager":3,"minecraft:play_time":1043972,"minecraft:deaths":29,"minecraft:jump":8164,"minecraft:walk_on_water_one_cm":573055,"minecraft:enchant_item":3,"minecraft:interact_with_furnace":80,"minecraft:interact_with_cartography_table":2,"minecraft:interact_with_loom":25,"minecraft:sleep_in_bed":28,"minecraft:waystone_activated":3,"minecraft:damage_dealt":89388,"minecraft:crouch_one_cm":32501,"minecraft:interact_with_smoker":35,"minecraft:interact_with_smithing_table":4,"minecraft:interact_with_anvil":14,"minecraft:mob_kills":431,"minecraft:interact_with_campfire":5,"minecraft:damage_dealt_resisted":1864,"minecraft:climb_one_cm":114700,"minecraft:walk_one_cm":1449469,"minecraft:sneak_time":20038,"minecraft:walk_under_water_one_cm":1359064,"minecraft:interact_with_blast_furnace":38,"minecraft:total_world_time":1043972,"minecraft:tune_noteblock":13,"minecraft:time_since_rest":12300,"minecraft:damage_absorbed":40,"minecraft:damage_taken":33932,"minecraft:swim_one_cm":2647102,"minecraft:fly_one_cm":1621521,"minecraft:open_chest":530,"minecraft:fish_caught":7,"minecraft:fall_one_cm":220939}},"DataVersion":3465}