{"stats":{"minecraft:crafted":{"minecraft:birch_planks":8},"minecraft:dropped":{"gravestone:obituary":4},"minecraft:killed":{"alexsmobs:fly":1,"minecraft:zombie":1,"arthropocolypse:stag_beetle":1},"minecraft:mined":{"minecraft:large_fern":1,"minecraft:birch_log":6,"minecraft:sweet_berry_bush":2,"minecraft:dark_oak_log":5,"minecraft:spruce_leaves":4,"minecraft:birch_leaves":2},"minecraft:custom":{"minecraft:time_since_rest":4902,"minecraft:sneak_time":15,"minecraft:walk_one_cm":88935,"minecraft:play_time":32363,"minecraft:damage_taken":1508,"minecraft:deaths":5,"minecraft:walk_under_water_one_cm":2303,"minecraft:mob_kills":3,"minecraft:drop":4,"minecraft:jump":184,"minecraft:damage_dealt":367,"minecraft:leave_game":1,"minecraft:walk_on_water_one_cm":443,"minecraft:time_since_death":4828,"minecraft:total_world_time":32363,"minecraft:fall_one_cm":1583,"minecraft:fly_one_cm":1210,"minecraft:open_chest":2},"minecraft:used":{"minecraft:sweet_berries":2,"alexsmobs:animal_dictionary":2,"immersive_armors:wooden_helmet":5},"minecraft:picked_up":{"minecraft:birch_log":7,"immersive_armors:wooden_helmet":4,"minecraft:cooked_porkchop":1,"minecraft:purple_bed":1,"minecraft:rotten_flesh":2,"minecraft:sweet_berries":2,"minecraft:wheat_seeds":1,"gravestone:obituary":6,"alexsmobs:maggot":1,"minecraft:dark_oak_log":4,"minecraft:coal":4,"minecraft:dirt":1}},"DataVersion":3465}