{"stats":{"minecraft:custom":{"minecraft:open_barrel":4,"minecraft:time_since_rest":3400,"minecraft:crouch_one_cm":2583,"minecraft:play_time":27399,"minecraft:sprint_one_cm":46857,"minecraft:walk_one_cm":51345,"minecraft:damage_taken":665,"minecraft:deaths":2,"minecraft:sneak_time":831,"minecraft:drop":2,"minecraft:jump":437,"minecraft:damage_dealt":88,"minecraft:leave_game":3,"minecraft:walk_on_water_one_cm":493,"minecraft:time_since_death":2613,"minecraft:climb_one_cm":1202,"minecraft:total_world_time":27399,"minecraft:fall_one_cm":22443,"minecraft:fly_one_cm":117868},"minecraft:crafted":{"minecraft:spruce_planks":12},"minecraft:killed_by":{"minecraft:player":2},"minecraft:picked_up":{"luminousworld:spuds":1,"vinery:taiga_grapes_white":2,"minecraft:sweet_berries":25,"minecraft:wheat_seeds":1,"minecraft:spruce_log":8},"minecraft:used":{"minecraft:sweet_berries":1},"minecraft:mined":{"luminousworld:mossbuds_2":1,"minecraft:vine":1,"luminousworld:spuds":1,"minecraft:sweet_berry_bush":1,"minecraft:spruce_log":6,"minecraft:spruce_leaves":5},"minecraft:dropped":{"gravestone:obituary":2}},"DataVersion":3120}