{"stats":{"minecraft:broken":{"minecraft:iron_shovel":2,"simplytools:iron_excavator":6,"minecraft:golden_leggings":1,"epicsamurai:gold_ninja_boots":1,"simplytools:iron_hammer":2,"minecraft:iron_helmet":1},"minecraft:custom":{"minecraft:interact_with_crafting_table":31,"minecraft:open_barrel":53,"minecraft:leave_game":36,"minecraft:time_since_death":24578,"minecraft:sprint_one_cm":1348997,"minecraft:drop":281,"minecraft:talked_to_villager":9,"minecraft:play_time":900913,"minecraft:deaths":39,"minecraft:jump":8768,"minecraft:walk_on_water_one_cm":9142,"minecraft:enchant_item":6,"minecraft:interact_with_furnace":15,"minecraft:traded_with_villager":8,"minecraft:interact_with_cartography_table":1,"minecraft:sleep_in_bed":54,"minecraft:waystone_activated":1,"minecraft:damage_dealt":49266,"minecraft:crouch_one_cm":246923,"minecraft:interact_with_smoker":1,"minecraft:use_cauldron":1,"minecraft:inspect_dispenser":3,"minecraft:interact_with_smithing_table":5,"minecraft:interact_with_anvil":2,"minecraft:mob_kills":295,"minecraft:interact_with_campfire":1,"minecraft:damage_dealt_resisted":4280,"minecraft:climb_one_cm":89938,"minecraft:walk_one_cm":1682733,"minecraft:sneak_time":82944,"minecraft:walk_under_water_one_cm":4041,"minecraft:interact_with_blast_furnace":8,"minecraft:total_world_time":1359655,"minecraft:interact_with_grindstone":1,"minecraft:time_since_rest":15518,"minecraft:damage_taken":26972,"minecraft:damage_absorbed":361,"minecraft:swim_one_cm":11774,"minecraft:fly_one_cm":1857174,"minecraft:open_chest":214,"minecraft:fall_one_cm":259743},"minecraft:killed_by":{"minecraft:zombie":1,"born_in_chaos_v1:scarlet_persecutor":2,"born_in_chaos_v1:restless_spirit":1,"irons_spellbooks:necromancer":1},"minecraft:picked_up":{"irons_spellbooks:scroll":3,"minecraft:seagrass":4,"minecraft:iron_chestplate":1,"minecraft:anvil":1,"minecraft:prismarine_shard":10,"irons_spellbooks:affinity_ring":12,"minecraft:stone_slab":3,"minecraft:lead":1,"farmersdelight:rice_panicle":71,"minecraft:crimson_planks":6,"crittersandcompanions:grappling_hook":1,"minecraft:string":7,"minecraft:pufferfish":1,"minecraft:purple_banner":1,"irons_spellbooks:arcane_essence":5,"minecraft:cobbled_deepslate":770,"bosses_of_mass_destruction:soul_star":1,"minecraft:bucket":3,"delightful:acorn":3,"minecraft:cobblestone_slab":2,"minecraft:iron_pickaxe":2,"delightful:green_tea_leaf":2,"minecraft:iron_boots":2,"endermanoverhaul:snowy_hood":1,"minecraft:stick":9,"born_in_chaos_v1:shattered_skull":1,"farmersdelight:rotten_tomato":1,"minecraft:acacia_log":4,"minecraft:torch":4,"minecraft:cherry_log":1,"artifacts:lucky_scarf":6,"minecraft:rotten_flesh":97,"minecraft:blaze_rod":4,"minecraft:obsidian":11,"minecraft:snowball":15,"minecraft:cobblestone":644,"minecraft:birch_log":6,"minecraft:feather":1,"minecraft:lilac":8,"minecraft:jungle_log":1,"minecraft:andesite":1,"minecraft:potato":51,"minecraft:flint":351,"minecraft:tuff":2,"minecraft:horn_coral":1,"minecraft:lapis_lazuli":2,"farmersdelight:tomato":5,"minecraft:dirt":2409,"minecraft:lantern":29,"born_in_chaos_v1:monster_skin":7,"born_in_chaos_v1:marigolds":5,"irons_spellbooks:iron_spell_book":11,"minecraft:bone":50,"minecraft:wheat_seeds":5,"irons_spellbooks:legendary_ink":2,"minecraft:poisonous_potato":1,"minecraft:sand":72,"minecraft:ink_sac":1,"minecraft:grass_block":1366,"epicsamurai:gold_ninja_helmet":1,"minecraft:dark_oak_log":1,"minecraft:barrel":1,"born_in_chaos_v1:fire_dust":1,"artifacts:crystal_heart":11,"alexsmobs:rattlesnake_rattle":1,"minecraft:crossbow":1,"minecraft:granite":3,"minecraft:emerald":25,"alexsmobs:maggot":6,"minecraft:oak_sapling":37,"born_in_chaos_v1:rotten_fish":6,"irons_spellbooks:uncommon_ink":1,"minecraft:netherrack":4,"minecraft:cocoa_beans":12,"minecraft:crafting_table":2,"minecraft:ladder":1,"simplyswords:diamond_katana":2,"born_in_chaos_v1:seedof_chaos":2,"minecraft:gold_block":2,"gravestone:obituary":29,"minecraft:iron_shovel":1,"born_in_chaos_v1:intoxicating_decoction":2,"born_in_chaos_v1:gnawed_bones":5,"minecraft:poppy":4,"irons_spellbooks:emerald_stoneplate_ring":11,"minecraft:birch_sapling":1,"crittersandcompanions:clam":2,"minecraft:raw_iron":7,"minecraft:stone":3,"minecraft:bowl":4,"farmersdelight:tomato_seeds":3,"minecraft:cookie":5,"born_in_chaos_v1:pieceofdarkmetal":2,"minecraft:purple_terracotta":1,"irons_spellbooks:evocation_rune":1,"travelersbackpack:snow":3,"minecraft:arrow":53,"born_in_chaos_v1:wood_splitter_axe":1,"minecraft:beetroot_seeds":3,"crittersandcompanions:silk":4,"minecraft:hay_block":14,"artifacts:pocket_piston":10,"minecraft:totem_of_undying":1,"born_in_chaos_v1:fused_bone":9,"born_in_chaos_v1:corpse_maggot":24,"born_in_chaos_v1:monster_flesh":8,"artifacts:digging_claws":9,"minecraft:tripwire_hook":1,"minecraft:salmon":2,"minecraft:oak_log":27,"minecraft:chainmail_chestplate":2,"minecraft:golden_boots":1,"minecraft:gunpowder":3,"minecraft:cobblestone_stairs":1,"minecraft:white_banner":2,"minecraft:red_carpet":1,"minecraft:apple":6,"minecraft:kelp":2,"minecraft:rabbit_hide":2,"minecraft:iron_ingot":2,"minecraft:book":16,"born_in_chaos_v1:orbofthe_summoner":1,"born_in_chaos_v1:ethereal_spirit":6,"minecraft:gravel":3682,"born_in_chaos_v1:dark_rod":4,"minecraft:amethyst_shard":2,"born_in_chaos_v1:fangofthe_hound_leader":1,"minecraft:spruce_log":17,"minecraft:crying_obsidian":1,"minecraft:spider_eye":3,"travelersbackpack:standard":13,"minecraft:slime_ball":2,"irons_spellbooks:magehunter":2,"minecraft:iron_helmet":1,"minecraft:baked_potato":2,"minecraft:coal":41,"minecraft:ender_pearl":1},"minecraft:dropped":{"minecraft:lapis_lazuli":2,"minecraft:baked_potato":2,"minecraft:glass_bottle":1,"minecraft:crossbow":1,"farmersdelight:cooked_rice":1,"minecraft:red_carpet":1,"minecraft:emerald":2,"minecraft:flint":5,"born_in_chaos_v1:monster_flesh":4,"minecraft:dirt":4,"born_in_chaos_v1:monster_skin":1,"minecraft:seagrass":4,"minecraft:snowball":13,"gravestone:obituary":66,"minecraft:sand":8,"minecraft:iron_pickaxe":1,"irons_spellbooks:emerald_stoneplate_ring":3,"minecraft:bone":8,"minecraft:gravel":88,"minecraft:stone_axe":1,"minecraft:iron_nugget":8,"minecraft:obsidian":6,"minecraft:purple_banner":1,"minecraft:rotten_flesh":33,"minecraft:salmon":2,"minecraft:chainmail_chestplate":2,"minecraft:poppy":4,"minecraft:jungle_log":1,"minecraft:beetroot_seeds":3,"born_in_chaos_v1:corpse_maggot":51,"minecraft:arrow":4,"minecraft:crying_obsidian":1,"born_in_chaos_v1:marigolds":5,"minecraft:netherrack":4,"minecraft:golden_boots":1,"minecraft:crimson_planks":6,"minecraft:water_bucket":1,"minecraft:purple_terracotta":1,"born_in_chaos_v1:shattered_skull":1,"minecraft:wheat_seeds":12,"minecraft:lilac":8,"minecraft:poisonous_potato":1,"minecraft:prismarine_shard":6,"minecraft:feather":1,"minecraft:book":1,"minecraft:apple":2,"delightful:green_tea_leaf":2,"minecraft:acacia_log":4,"minecraft:coal":2,"alexsmobs:raw_catfish":1,"minecraft:stick":12,"irons_spellbooks:scroll":1,"born_in_chaos_v1:black_argillite":2,"irons_spellbooks:affinity_ring":2,"minecraft:torch":1,"minecraft:cherry_planks":3,"born_in_chaos_v1:fused_bone":7,"delightful:acorn":3,"minecraft:paper":11,"minecraft:string":1,"minecraft:bucket":3,"minecraft:kelp":3,"alexsmobs:maggot":5,"minecraft:bowl":10,"minecraft:tuff":9,"born_in_chaos_v1:rotten_fish":4,"irons_spellbooks:magehunter":1,"minecraft:spruce_fence":1,"epicsamurai:gold_ninja_helmet":2,"minecraft:stone":3,"minecraft:oak_sapling":36,"minecraft:barrel":1,"minecraft:spider_eye":1,"minecraft:slime_ball":2,"minecraft:bow":2,"immersive_armors:wooden_helmet":1,"crittersandcompanions:grappling_hook":1},"minecraft:used":{"minecraft:iron_shovel":500,"vinery:red_jungle_grapejuice":1,"minecraft:ladder":1,"alexscaves:cooked_lanternfish":1,"minecraft:iron_chestplate":1,"minecraft:snowball":2,"minecraft:obsidian":15,"minecraft:honey_bottle":4,"minecraft:lantern":31,"minecraft:grass_block":1376,"farmersdelight:rotten_tomato":1,"minecraft:iron_helmet":1,"simplytools:diamond_excavator":4222,"vinery:white_taiga_grapejuice":1,"minecraft:dark_oak_boat":2,"minecraft:oak_sapling":1,"minecraft:furnace":1,"minecraft:potato":14,"minecraft:stone_pickaxe":113,"minecraft:wooden_pickaxe":3,"minecraft:crossbow":153,"minecraft:dark_oak_log":1,"minecraft:bread":25,"minecraft:gravel":1834,"irons_spellbooks:magehunter":194,"minecraft:grindstone":1,"minecraft:experience_bottle":25,"minecraft:cherry_boat":1,"minecraft:stone_sword":101,"minecraft:flint_and_steel":5,"minecraft:torch":2,"minecraft:dirt":2403,"minecraft:anvil":1,"minecraft:chainmail_chestplate":1,"minecraft:bookshelf":5,"minecraft:iron_axe":21,"travelersbackpack:snow":4,"simplytools:iron_hammer":749,"minecraft:goat_horn":2,"farmersdelight:tomato_seeds":3,"minecraft:cobbled_deepslate":1302,"farmersdelight:cooked_rice":196,"minecraft:cooked_mutton":1,"minecraft:water_bucket":5,"simplyswords:diamond_katana":534,"minecraft:birch_planks":1,"minecraft:baked_potato":13,"minecraft:crafting_table":5,"minecraft:campfire":1,"minecraft:diamond_pickaxe":154,"minecraft:suspicious_stew":3,"minecraft:iron_pickaxe":136,"minecraft:stone_axe":9,"minecraft:cobblestone":366,"travelersbackpack:standard":15,"simplytools:iron_excavator":2972,"minecraft:white_banner":1,"minecraft:bucket":4,"vinery:apple_tree_sapling":1},"minecraft:killed":{"born_in_chaos_v1:zombie_clown":2,"born_in_chaos_v1:restless_spirit":2,"born_in_chaos_v1:zombie_lumberjack":4,"creeperoverhaul:beach_creeper":2,"born_in_chaos_v1:skeleton_demoman":1,"minecraft:spider":10,"born_in_chaos_v1:siamese_skeletonsright":2,"born_in_chaos_v1:scarlet_persecutor":2,"minecraft:skeleton":8,"creeperoverhaul:cave_creeper":1,"born_in_chaos_v1:supreme_bonescaller_stage_2":1,"irons_spellbooks:archevoker":1,"artifacts:mimic":1,"born_in_chaos_v1:bonescaller":1,"minecraft:zombie_villager":2,"born_in_chaos_v1:bone_imp":1,"endermanoverhaul:nether_wastes_enderman":1,"epicsamurai:jorogumo":1,"born_in_chaos_v1:dread_hound_not_despawn":1,"irons_spellbooks:necromancer":1,"minecraft:pillager":45,"born_in_chaos_v1:zombie_fisherman":6,"minecraft:zombie":46,"born_in_chaos_v1:dread_hound":10,"born_in_chaos_v1:corpse_fly":4,"alexsmobs:fly":3,"born_in_chaos_v1:door_knight":5,"alexsmobs:komodo_dragon":3,"born_in_chaos_v1:siamese_skeletonsleft":3,"minecraft:blaze":5,"alexsmobs:dropbear":2,"minecraft:evoker":1,"minecraft:vex":3,"alexsmobs:tarantula_hawk":1,"minecraft:vindicator":14,"alexsmobs:seagull":1,"epicsamurai:onibi":1,"alexsmobs:rattlesnake":1,"born_in_chaos_v1:firelight":2,"born_in_chaos_v1:maggot":30,"born_in_chaos_v1:dire_hound_leader":1,"minecraft:drowned":2,"born_in_chaos_v1:barrel_zombie":2,"born_in_chaos_v1:bone_imp_minion":7,"born_in_chaos_v1:baby_skeleton":2,"endermanoverhaul:snowy_enderman":2,"born_in_chaos_v1:decrepit_skeleton":11,"born_in_chaos_v1:bloody_gadfly":2,"born_in_chaos_v1:dark_vortex":3,"minecraft:wither_skeleton":1,"minecraft:enderman":2},"minecraft:crafted":{"minecraft:grindstone":1,"minecraft:oak_planks":40,"vinery:white_taiga_grapejuice":1,"minecraft:dark_oak_boat":2,"simplytools:iron_hammer_head":2,"minecraft:cherry_boat":1,"minecraft:stone":3,"minecraft:bookshelf":5,"minecraft:glass":32,"vinery:jungle_grapes_white":1,"simplytools:diamond_excavator_head":1,"travelersbackpack:iron_tier_upgrade":1,"minecraft:crafting_table":3,"minecraft:spruce_planks":4,"minecraft:wooden_pickaxe":1,"minecraft:birch_planks":24,"minecraft:campfire":1,"simplyswords:diamond_katana":1,"simplytools:iron_hammer":2,"minecraft:stick":44,"minecraft:stone_slab":6,"minecraft:iron_ingot":27,"minecraft:stone_sword":1,"minecraft:gold_ingot":18,"vinery:apple_tree_sapling":1,"vinery:red_grape_seeds":1,"vinery:jungle_grape_seeds_red":1,"minecraft:cherry_planks":16,"vinery:savanna_grape_seeds_red":1,"minecraft:furnace":1,"minecraft:flint_and_steel":1,"simplytools:iron_excavator":6,"minecraft:stone_pickaxe":1,"farmersdelight:rice":71,"minecraft:dark_oak_planks":16,"minecraft:wheat":63,"simplytools:iron_excavator_head":6,"minecraft:bowl":16,"vinery:red_jungle_grapejuice":1,"minecraft:bucket":1,"minecraft:stone_axe":1,"minecraft:bread":21,"minecraft:air":0,"vinery:taiga_grape_seeds_white":1,"simplytools:diamond_excavator":1,"minecraft:iron_shovel":2,"minecraft:acacia_planks":8,"minecraft:torch":4},"minecraft:mined":{"minecraft:spruce_planks":1,"irons_spellbooks:armor_pile":1,"minecraft:cobblestone_stairs":1,"minecraft:obsidian":5,"minecraft:granite":3,"minecraft:grass_block":1477,"minecraft:spawner":5,"minecraft:cobbled_deepslate":809,"minecraft:iron_ore":6,"minecraft:barrel":2,"minecraft:fire":5,"minecraft:moss_carpet":2,"minecraft:anvil":1,"amendments:wall_lantern":11,"minecraft:quartz_slab":1,"farmersdelight:rice_panicles":82,"minecraft:cut_sandstone":1,"minecraft:torch":1,"minecraft:melon":1,"minecraft:cobblestone":193,"minecraft:oak_planks":1,"minecraft:wall_torch":1,"minecraft:dark_oak_slab":1,"minecraft:birch_log":7,"minecraft:grass":2,"minecraft:dirt":2360,"minecraft:sand":70,"minecraft:crimson_planks":3,"minecraft:netherrack":5,"minecraft:oak_leaves":6,"minecraft:deepslate":61,"minecraft:crying_obsidian":2,"minecraft:tuff":2,"minecraft:red_carpet":2,"minecraft:dark_oak_log":1,"travelersbackpack:snow":2,"gravestone:gravestone":36,"minecraft:ladder":1,"minecraft:purple_terracotta":1,"farmersdelight:tomatoes":3,"minecraft:spruce_leaves":3,"minecraft:moss_block":1,"minecraft:sandstone":3,"minecraft:large_fern":1,"minecraft:hay_block":14,"minecraft:snow":7,"minecraft:suspicious_sand":1,"minecraft:andesite":1,"minecraft:stripped_spruce_log":1,"treechop:chopped_log":1,"minecraft:gold_block":2,"minecraft:bookshelf":5,"minecraft:potatoes":13,"minecraft:cobblestone_slab":2,"minecraft:vine":1,"minecraft:lantern":15,"crittersandcompanions:silk_cocoon":1,"minecraft:stone":506,"minecraft:acacia_leaves":31,"travelersbackpack:standard":1,"minecraft:crafting_table":2,"minecraft:stone_slab":3,"farmersdelight:wild_beetroots":1,"minecraft:coarse_dirt":1,"minecraft:stripped_spruce_wood":1,"minecraft:spruce_log":17,"minecraft:birch_leaves":4,"minecraft:coal_ore":39,"minecraft:cocoa":4,"minecraft:flower_pot":1,"minecraft:gravel":4147,"minecraft:cobweb":3,"minecraft:stone_bricks":2,"minecraft:fern":1}},"DataVersion":3465}