{"stats":{"minecraft:killed":{"born_in_chaos_v1:zombie_clown":3,"born_in_chaos_v1:restless_spirit":2,"born_in_chaos_v1:zombie_lumberjack":8,"creeperoverhaul:beach_creeper":2,"born_in_chaos_v1:skeleton_demoman":1,"minecraft:spider":17,"born_in_chaos_v1:siamese_skeletonsright":2,"born_in_chaos_v1:scarlet_persecutor":2,"minecraft:skeleton":8,"creeperoverhaul:cave_creeper":1,"born_in_chaos_v1:supreme_bonescaller_stage_2":1,"irons_spellbooks:archevoker":1,"irons_spellbooks:summoned_skeleton":1,"artifacts:mimic":1,"born_in_chaos_v1:bonescaller":1,"minecraft:pig":3,"minecraft:zombie_villager":2,"born_in_chaos_v1:bone_imp":1,"endermanoverhaul:nether_wastes_enderman":1,"epicsamurai:jorogumo":1,"born_in_chaos_v1:dread_hound_not_despawn":1,"irons_spellbooks:necromancer":1,"born_in_chaos_v1:zombie_fisherman":6,"minecraft:pillager":78,"minecraft:zombie":58,"born_in_chaos_v1:dread_hound":11,"born_in_chaos_v1:corpse_fly":18,"alexsmobs:fly":4,"born_in_chaos_v1:door_knight":8,"alexsmobs:komodo_dragon":3,"born_in_chaos_v1:siamese_skeletonsleft":3,"minecraft:blaze":5,"alexsmobs:dropbear":2,"minecraft:evoker":1,"minecraft:vex":3,"irons_spellbooks:summoned_zombie":8,"alexsmobs:tarantula_hawk":1,"minecraft:vindicator":15,"illagerinvasion:marauder":2,"alexsmobs:seagull":1,"epicsamurai:onibi":1,"alexsmobs:rattlesnake":1,"born_in_chaos_v1:zombie_bruiser":1,"born_in_chaos_v1:firelight":2,"born_in_chaos_v1:maggot":45,"born_in_chaos_v1:dire_hound_leader":1,"minecraft:drowned":2,"born_in_chaos_v1:barrel_zombie":2,"born_in_chaos_v1:fallen_chaos_knight":1,"born_in_chaos_v1:bone_imp_minion":7,"born_in_chaos_v1:baby_skeleton":3,"born_in_chaos_v1:swarmer":2,"endermanoverhaul:snowy_enderman":2,"born_in_chaos_v1:decrepit_skeleton":13,"born_in_chaos_v1:bloody_gadfly":4,"born_in_chaos_v1:dark_vortex":3,"born_in_chaos_v1:nightmare_stalker":2,"minecraft:wither_skeleton":1,"minecraft:enderman":3},"minecraft:killed_by":{"minecraft:pillager":1,"minecraft:zombie":1,"born_in_chaos_v1:scarlet_persecutor":2,"born_in_chaos_v1:restless_spirit":1,"irons_spellbooks:necromancer":1},"minecraft:used":{"bakery:linzer_tart":1,"minecraft:moss_block":2,"minecraft:iron_shovel":2222,"vinery:red_jungle_grapejuice":1,"minecraft:ladder":1,"minecraft:chest":17,"alexscaves:cooked_lanternfish":1,"minecraft:iron_chestplate":1,"simplyswords:diamond_rapier":48,"minecraft:snowball":2,"minecraft:obsidian":15,"minecraft:honey_bottle":4,"minecraft:lantern":41,"minecraft:grass_block":2346,"farmersdelight:rotten_tomato":1,"minecraft:iron_helmet":1,"simplytools:diamond_excavator":7488,"vinery:white_taiga_grapejuice":1,"born_in_chaos_v1:nightmare_stalker_skull":1,"minecraft:dark_oak_boat":3,"minecraft:oak_sapling":1,"minecraft:furnace":1,"minecraft:potato":37,"minecraft:stone_pickaxe":113,"minecraft:wooden_pickaxe":3,"minecraft:cookie":5,"minecraft:crossbow":241,"minecraft:dark_oak_log":1,"minecraft:bread":25,"minecraft:gravel":2371,"irons_spellbooks:magehunter":194,"minecraft:grindstone":1,"minecraft:chain":2,"minecraft:coarse_dirt":1,"minecraft:experience_bottle":25,"minecraft:cherry_boat":1,"minecraft:stone_sword":101,"minecraft:acacia_log":1,"minecraft:flint_and_steel":23,"minecraft:torch":2,"minecraft:dirt":4877,"minecraft:anvil":1,"minecraft:chainmail_chestplate":1,"minecraft:bookshelf":5,"minecraft:iron_axe":49,"travelersbackpack:snow":17,"simplytools:iron_hammer":749,"minecraft:goat_horn":2,"farmersdelight:tomato_seeds":3,"minecraft:cobbled_deepslate":1302,"farmersdelight:cooked_rice":249,"minecraft:cooked_mutton":3,"minecraft:water_bucket":5,"simplyswords:diamond_katana":787,"minecraft:birch_planks":1,"minecraft:baked_potato":13,"minecraft:cauldron":1,"bakery:small_cooking_pot":1,"minecraft:crafting_table":7,"travelersbackpack:chicken":4,"minecraft:campfire":1,"minecraft:diamond_pickaxe":155,"minecraft:apple":5,"minecraft:iron_pickaxe":189,"minecraft:suspicious_stew":4,"bakery:baguette":6,"minecraft:stone_axe":9,"bakery:bun":9,"minecraft:cobblestone":366,"illagerinvasion:platinum_infused_hatchet":2,"travelersbackpack:standard":17,"simplytools:iron_excavator":2972,"minecraft:white_banner":3,"minecraft:cooked_porkchop":4,"minecraft:bucket":4,"vinery:apple_tree_sapling":1},"minecraft:crafted":{"minecraft:grindstone":1,"minecraft:oak_planks":180,"vinery:white_taiga_grapejuice":1,"minecraft:dark_oak_boat":2,"simplytools:iron_hammer_head":2,"minecraft:cherry_boat":1,"minecraft:stone":3,"minecraft:bookshelf":5,"minecraft:glass":32,"vinery:jungle_grapes_white":1,"minecraft:chest":16,"simplytools:diamond_excavator_head":1,"travelersbackpack:iron_tier_upgrade":1,"minecraft:emerald":20,"minecraft:crafting_table":5,"minecraft:spruce_planks":12,"minecraft:wooden_pickaxe":1,"minecraft:birch_planks":24,"minecraft:campfire":1,"simplyswords:diamond_katana":1,"simplytools:iron_hammer":2,"minecraft:stone_slab":6,"minecraft:stick":44,"minecraft:iron_ingot":27,"minecraft:stone_sword":1,"minecraft:gold_ingot":18,"vinery:apple_tree_sapling":1,"vinery:red_grape_seeds":1,"vinery:jungle_grape_seeds_red":1,"minecraft:cherry_planks":20,"vinery:savanna_grape_seeds_red":1,"minecraft:furnace":1,"minecraft:flint_and_steel":3,"simplytools:iron_excavator":6,"minecraft:stone_pickaxe":1,"farmersdelight:rice":157,"minecraft:dark_oak_planks":52,"minecraft:wheat":63,"simplytools:iron_excavator_head":6,"minecraft:bowl":16,"vinery:red_jungle_grapejuice":1,"minecraft:bucket":1,"minecraft:stone_axe":1,"minecraft:bread":21,"minecraft:air":0,"vinery:taiga_grape_seeds_white":1,"simplytools:diamond_excavator":1,"minecraft:iron_shovel":2,"minecraft:acacia_planks":8,"minecraft:torch":4},"minecraft:broken":{"minecraft:iron_shovel":4,"minecraft:iron_chestplate":1,"simplytools:iron_excavator":6,"minecraft:golden_leggings":1,"minecraft:chainmail_leggings":1,"epicsamurai:gold_ninja_boots":1,"simplytools:iron_hammer":2,"minecraft:iron_helmet":2},"minecraft:mined":{"minecraft:spruce_planks":2,"irons_spellbooks:armor_pile":2,"minecraft:cobblestone_stairs":1,"minecraft:obsidian":5,"minecraft:granite":3,"minecraft:grass_block":2566,"minecraft:spawner":8,"minecraft:cobbled_deepslate":809,"minecraft:barrel":2,"minecraft:iron_ore":8,"minecraft:fire":13,"bakery:kitchen_sink":1,"bakery:brick_stove":1,"minecraft:moss_carpet":4,"minecraft:anvil":1,"bakery:baker_station":2,"amendments:wall_lantern":16,"minecraft:quartz_slab":1,"farmersdelight:rice_panicles":168,"betterarcheology:loot_vase":1,"bakery:tray":1,"bakery:brick_counter":4,"minecraft:cut_sandstone":1,"minecraft:torch":1,"minecraft:melon":1,"minecraft:chest":1,"minecraft:cobblestone":193,"minecraft:oak_planks":1,"minecraft:bricks":1,"minecraft:wall_torch":1,"minecraft:chain":1,"minecraft:dark_oak_slab":1,"minecraft:birch_log":7,"minecraft:stone_brick_stairs":1,"minecraft:grass":10,"minecraft:sand":70,"minecraft:dirt":4692,"minecraft:crimson_planks":3,"minecraft:netherrack":5,"minecraft:oak_leaves":7,"minecraft:deepslate":61,"minecraft:crying_obsidian":2,"minecraft:red_carpet":2,"minecraft:tuff":2,"minecraft:mossy_cobblestone":1,"minecraft:dark_oak_log":1,"travelersbackpack:snow":10,"minecraft:ladder":1,"gravestone:gravestone":54,"minecraft:purple_terracotta":1,"minecraft:spruce_fence":2,"farmersdelight:tomatoes":3,"minecraft:spruce_leaves":3,"minecraft:moss_block":1,"minecraft:sandstone":3,"minecraft:large_fern":1,"minecraft:hay_block":14,"bakery:bun_block":2,"travelersbackpack:chicken":2,"minecraft:snow":7,"minecraft:suspicious_sand":1,"minecraft:andesite":1,"minecraft:stripped_spruce_log":1,"treechop:chopped_log":1,"minecraft:gold_block":2,"bakery:small_cooking_pot":1,"minecraft:bookshelf":6,"minecraft:potatoes":26,"minecraft:cobblestone_slab":3,"minecraft:vine":1,"crittersandcompanions:silk_cocoon":1,"minecraft:lantern":20,"minecraft:stripped_oak_log":1,"minecraft:stone":514,"bakery:cake_stand":1,"minecraft:acacia_leaves":31,"betterarcheology:suspicious_dirt":1,"minecraft:stone_brick_slab":1,"travelersbackpack:standard":1,"minecraft:crafting_table":2,"minecraft:stone_slab":3,"minecraft:tall_grass":10,"bakery:bread_crate":1,"farmersdelight:wild_beetroots":1,"culturaldelights:wild_corn":2,"minecraft:birch_planks":1,"minecraft:coarse_dirt":3,"minecraft:stripped_spruce_wood":1,"minecraft:spruce_log":17,"minecraft:birch_leaves":4,"minecraft:coal_ore":39,"minecraft:cocoa":4,"minecraft:gravel":6015,"minecraft:flower_pot":1,"minecraft:cobweb":5,"minecraft:polished_andesite":1,"minecraft:stone_bricks":2,"minecraft:fern":1},"minecraft:dropped":{"minecraft:lapis_lazuli":3,"crittersandcompanions:clam":1,"minecraft:baked_potato":2,"minecraft:glass_bottle":1,"minecraft:crossbow":5,"minecraft:cookie":5,"farmersdelight:cooked_rice":1,"travelersbackpack:snow":2,"minecraft:emerald":2,"minecraft:red_carpet":1,"minecraft:flint":441,"born_in_chaos_v1:monster_flesh":13,"minecraft:dirt":5,"born_in_chaos_v1:monster_skin":1,"minecraft:cornflower":2,"minecraft:seagrass":5,"minecraft:snowball":13,"gravestone:obituary":96,"minecraft:bone_meal":2,"minecraft:sunflower":14,"minecraft:sand":12,"minecraft:iron_pickaxe":1,"irons_spellbooks:emerald_stoneplate_ring":4,"minecraft:bone":12,"minecraft:gravel":88,"immersive_armors:heavy_leggings":1,"minecraft:stone_axe":1,"minecraft:iron_nugget":8,"minecraft:purple_banner":1,"minecraft:obsidian":6,"minecraft:rotten_flesh":183,"minecraft:salmon":2,"minecraft:chainmail_chestplate":2,"minecraft:poppy":7,"minecraft:jungle_log":3,"minecraft:beetroot_seeds":3,"born_in_chaos_v1:corpse_maggot":99,"minecraft:arrow":4,"minecraft:crying_obsidian":1,"minecraft:crimson_planks":6,"born_in_chaos_v1:marigolds":6,"minecraft:netherrack":4,"minecraft:egg":2,"minecraft:water_bucket":1,"minecraft:golden_boots":3,"minecraft:purple_terracotta":1,"minecraft:wheat_seeds":37,"born_in_chaos_v1:shattered_skull":1,"minecraft:golden_helmet":1,"minecraft:cherry_log":2,"minecraft:lilac":8,"minecraft:mossy_cobblestone":1,"minecraft:poisonous_potato":2,"minecraft:prismarine_shard":10,"minecraft:feather":2,"minecraft:book":4,"minecraft:iron_helmet":1,"minecraft:cobblestone":14,"minecraft:apple":3,"delightful:green_tea_leaf":2,"minecraft:acacia_log":4,"alexsmobs:raw_catfish":1,"minecraft:coal":2,"minecraft:stick":20,"irons_spellbooks:scroll":1,"minecraft:cobweb":5,"born_in_chaos_v1:gnawed_bones":1,"illagerinvasion:platinum_chunk":11,"born_in_chaos_v1:black_argillite":13,"irons_spellbooks:affinity_ring":4,"minecraft:torch":1,"minecraft:cherry_planks":3,"born_in_chaos_v1:fused_bone":11,"delightful:acorn":3,"minecraft:white_banner":1,"minecraft:paper":11,"minecraft:string":17,"minecraft:bucket":4,"minecraft:stone_brick_slab":1,"minecraft:dandelion":5,"minecraft:redstone":14,"minecraft:moss_carpet":5,"alexsmobs:maggot":11,"minecraft:kelp":3,"minecraft:coarse_dirt":1,"minecraft:bowl":20,"minecraft:tuff":9,"minecraft:raw_iron":2,"born_in_chaos_v1:rotten_fish":6,"irons_spellbooks:magehunter":1,"minecraft:iron_boots":1,"minecraft:spruce_fence":2,"epicsamurai:gold_ninja_helmet":2,"minecraft:flint_and_steel":1,"minecraft:potato":2,"minecraft:cobblestone_slab":1,"minecraft:stone":3,"minecraft:sea_pickle":1,"minecraft:spruce_planks":1,"minecraft:oak_sapling":36,"minecraft:barrel":1,"minecraft:spider_eye":8,"minecraft:slime_ball":3,"minecraft:bow":3,"immersive_armors:wooden_helmet":1,"crittersandcompanions:grappling_hook":1},"minecraft:picked_up":{"irons_spellbooks:scroll":4,"minecraft:seagrass":4,"minecraft:iron_chestplate":2,"vinery:red_grape":1,"illagerinvasion:platinum_chunk":11,"minecraft:chainmail_boots":1,"minecraft:anvil":1,"minecraft:prismarine_shard":10,"irons_spellbooks:affinity_ring":18,"minecraft:lead":1,"minecraft:stone_slab":3,"farmersdelight:rice_panicle":157,"minecraft:crimson_planks":6,"crittersandcompanions:grappling_hook":1,"minecraft:string":12,"bakery:bread_knife":1,"minecraft:purple_banner":1,"bakery:linzer_tart":2,"minecraft:pufferfish":1,"illagerinvasion:platinum_infused_hatchet":1,"irons_spellbooks:arcane_essence":8,"minecraft:spruce_planks":1,"minecraft:cobbled_deepslate":770,"bosses_of_mass_destruction:soul_star":1,"minecraft:bucket":3,"delightful:acorn":3,"bakery:brick_stove":1,"minecraft:cobblestone_slab":3,"minecraft:iron_pickaxe":2,"delightful:green_tea_leaf":2,"minecraft:iron_boots":4,"endermanoverhaul:snowy_hood":1,"minecraft:stick":13,"pizzacraft:pineapple_seeds":2,"born_in_chaos_v1:shattered_skull":1,"bakery:small_cooking_pot":2,"farmersdelight:rotten_tomato":1,"minecraft:torch":4,"minecraft:acacia_log":5,"minecraft:cherry_log":3,"born_in_chaos_v1:nightmare_claw":1,"bakery:rolling_pin":1,"artifacts:lucky_scarf":6,"minecraft:rotten_flesh":162,"bakery:cake_stand":1,"travelersbackpack:chicken":3,"minecraft:blaze_rod":4,"minecraft:obsidian":11,"minecraft:snowball":15,"minecraft:cobblestone":658,"minecraft:birch_log":6,"minecraft:feather":1,"minecraft:lilac":8,"pizzacraft:pepper_seeds":2,"minecraft:jungle_log":3,"minecraft:andesite":1,"minecraft:dark_oak_boat":1,"minecraft:potato":103,"minecraft:flint":497,"minecraft:tuff":2,"bakery:baker_station":2,"minecraft:horn_coral":1,"farmersdelight:tomato":9,"minecraft:lapis_lazuli":3,"minecraft:dirt":4845,"minecraft:lantern":39,"born_in_chaos_v1:nightmare_stalker_skull":1,"born_in_chaos_v1:monster_skin":9,"born_in_chaos_v1:marigolds":5,"irons_spellbooks:iron_spell_book":18,"pizzacraft:cucumber_seeds":3,"minecraft:bone":57,"minecraft:wheat_seeds":64,"pizzacraft:tomato":3,"artifacts:antidote_vessel":5,"minecraft:moss_block":2,"bakery:chocolate_glazed_cookie":1,"bakery:bun":2,"minecraft:cooked_porkchop":4,"irons_spellbooks:legendary_ink":2,"minecraft:poisonous_potato":2,"vinery:white_grape":1,"minecraft:sand":72,"minecraft:ink_sac":1,"minecraft:grass_block":2360,"epicsamurai:gold_ninja_helmet":1,"minecraft:dark_oak_log":1,"minecraft:barrel":1,"minecraft:mossy_cobblestone":1,"minecraft:iron_hoe":2,"pizzacraft:onion":4,"born_in_chaos_v1:fire_dust":1,"bakery:brick_counter":4,"artifacts:crystal_heart":11,"minecraft:crossbow":4,"alexsmobs:rattlesnake_rattle":1,"bakery:tray":2,"minecraft:granite":3,"minecraft:emerald":51,"minecraft:chainmail_helmet":1,"alexsmobs:maggot":10,"born_in_chaos_v1:rotten_fish":6,"minecraft:oak_sapling":37,"minecraft:netherrack":4,"irons_spellbooks:uncommon_ink":1,"minecraft:cocoa_beans":12,"minecraft:coarse_dirt":2,"minecraft:crafting_table":2,"minecraft:ladder":1,"simplyswords:diamond_katana":3,"born_in_chaos_v1:seedof_chaos":3,"minecraft:gold_block":2,"gravestone:obituary":39,"minecraft:cornflower":2,"minecraft:moss_carpet":6,"minecraft:flint_and_steel":1,"born_in_chaos_v1:intoxicating_decoction":4,"minecraft:item_frame":3,"minecraft:iron_shovel":2,"born_in_chaos_v1:gnawed_bones":5,"minecraft:poppy":7,"irons_spellbooks:emerald_stoneplate_ring":16,"minecraft:chest":1,"minecraft:birch_sapling":1,"crittersandcompanions:clam":2,"minecraft:egg":2,"pizzacraft:corn":1,"minecraft:raw_iron":9,"minecraft:stone":3,"minecraft:bowl":9,"minecraft:spruce_fence":1,"farmersdelight:tomato_seeds":3,"minecraft:cookie":10,"born_in_chaos_v1:pieceofdarkmetal":7,"minecraft:carrot":3,"minecraft:purple_terracotta":1,"irons_spellbooks:evocation_rune":1,"travelersbackpack:snow":12,"minecraft:arrow":75,"minecraft:beetroot_seeds":3,"born_in_chaos_v1:wood_splitter_axe":1,"crittersandcompanions:silk":4,"minecraft:hay_block":14,"bakery:apple_cupcake":1,"artifacts:pocket_piston":12,"minecraft:totem_of_undying":1,"born_in_chaos_v1:fused_bone":9,"born_in_chaos_v1:corpse_maggot":54,"simplyswords:diamond_rapier":2,"born_in_chaos_v1:monster_flesh":14,"artifacts:digging_claws":12,"minecraft:tripwire_hook":1,"minecraft:salmon":2,"bakery:chocolate_tart":1,"bakery:sweetberry_cupcake":1,"minecraft:oak_log":32,"minecraft:chainmail_chestplate":2,"minecraft:golden_boots":1,"minecraft:gunpowder":3,"minecraft:cobblestone_stairs":1,"pizzacraft:broccoli_seeds":5,"minecraft:white_banner":4,"minecraft:red_carpet":1,"minecraft:apple":13,"minecraft:kelp":2,"bakery:glowberry_tart":1,"minecraft:rabbit_hide":2,"minecraft:iron_ingot":8,"artifacts:steadfast_spikes":5,"minecraft:iron_sword":1,"minecraft:book":19,"minecraft:stone_brick_slab":1,"born_in_chaos_v1:orbofthe_summoner":1,"born_in_chaos_v1:ethereal_spirit":6,"minecraft:dandelion":5,"minecraft:gravel":5161,"born_in_chaos_v1:dark_rod":4,"minecraft:amethyst_shard":2,"born_in_chaos_v1:fangofthe_hound_leader":1,"minecraft:spruce_log":17,"minecraft:crying_obsidian":1,"minecraft:spider_eye":5,"travelersbackpack:standard":14,"minecraft:slime_ball":2,"irons_spellbooks:magehunter":2,"minecraft:chainmail_leggings":1,"minecraft:iron_helmet":1,"minecraft:baked_potato":2,"bakery:baguette":12,"minecraft:coal":41,"minecraft:sunflower":14,"minecraft:ender_pearl":1},"minecraft:custom":{"minecraft:interact_with_crafting_table":38,"minecraft:open_barrel":74,"minecraft:leave_game":47,"minecraft:time_since_death":17517,"minecraft:sprint_one_cm":1828740,"minecraft:drop":559,"minecraft:talked_to_villager":10,"minecraft:play_time":1268086,"minecraft:deaths":59,"minecraft:interact_with_brewingstand":1,"minecraft:jump":12378,"minecraft:walk_on_water_one_cm":11938,"minecraft:enchant_item":6,"minecraft:interact_with_furnace":15,"minecraft:traded_with_villager":13,"minecraft:interact_with_cartography_table":1,"minecraft:sleep_in_bed":83,"minecraft:waystone_activated":2,"minecraft:damage_dealt":66411,"minecraft:crouch_one_cm":260675,"minecraft:interact_with_smoker":1,"minecraft:use_cauldron":1,"minecraft:inspect_dispenser":3,"minecraft:horse_one_cm":3132,"minecraft:interact_with_smithing_table":5,"minecraft:interact_with_anvil":3,"minecraft:mob_kills":432,"minecraft:interact_with_campfire":1,"minecraft:damage_dealt_resisted":7462,"minecraft:climb_one_cm":126845,"minecraft:walk_one_cm":2401536,"minecraft:sneak_time":91967,"minecraft:walk_under_water_one_cm":4903,"minecraft:interact_with_blast_furnace":8,"minecraft:total_world_time":1726828,"minecraft:interact_with_grindstone":1,"minecraft:time_since_rest":214,"minecraft:damage_taken":36981,"minecraft:damage_absorbed":542,"minecraft:swim_one_cm":14496,"minecraft:fly_one_cm":2710709,"minecraft:open_chest":365,"minecraft:fall_one_cm":360136}},"DataVersion":3465}