{"stats":{"minecraft:custom":{"minecraft:interact_with_furnace":7,"minecraft:mob_kills":25,"minecraft:interact_with_anvil":1,"minecraft:interact_with_crafting_table":9,"minecraft:open_barrel":3,"minecraft:interact_with_campfire":1,"minecraft:damage_dealt_resisted":1194,"minecraft:leave_game":9,"minecraft:time_since_death":28777,"minecraft:sleep_in_bed":2,"minecraft:climb_one_cm":10955,"minecraft:time_since_rest":9151,"minecraft:waystone_activated":1,"minecraft:sprint_one_cm":230911,"minecraft:damage_taken":4695,"minecraft:walk_one_cm":166369,"minecraft:drop":25,"minecraft:damage_dealt":4514,"minecraft:swim_one_cm":6862,"minecraft:fly_one_cm":244915,"minecraft:open_chest":7,"minecraft:crouch_one_cm":4322,"minecraft:play_time":135547,"minecraft:deaths":13,"minecraft:sneak_time":1959,"minecraft:walk_under_water_one_cm":813,"minecraft:jump":1060,"minecraft:walk_on_water_one_cm":2652,"minecraft:total_world_time":135547,"minecraft:fall_one_cm":32045,"minecraft:inspect_dispenser":2},"minecraft:crafted":{"minecraft:crafting_table":2,"minecraft:wooden_pickaxe":1,"minecraft:furnace":1,"minecraft:bucket":1,"minecraft:birch_planks":24,"minecraft:campfire":1,"minecraft:stone_axe":1,"minecraft:air":0,"minecraft:stick":12,"minecraft:iron_ingot":4,"minecraft:stone_pickaxe":1,"minecraft:stone_sword":1,"minecraft:torch":4},"minecraft:killed":{"born_in_chaos_v1:zombie_clown":1,"born_in_chaos_v1:bonescaller":1,"minecraft:spider":1,"epicsamurai:onibi":1,"born_in_chaos_v1:maggot":7,"born_in_chaos_v1:zombie_fisherman":1,"minecraft:zombie":8,"born_in_chaos_v1:dread_hound":1,"born_in_chaos_v1:corpse_fly":1,"alexsmobs:fly":1,"born_in_chaos_v1:door_knight":1,"minecraft:enderman":1},"minecraft:picked_up":{"minecraft:birch_log":6,"born_in_chaos_v1:corpse_maggot":3,"minecraft:crafting_table":1,"born_in_chaos_v1:monster_flesh":1,"minecraft:anvil":1,"minecraft:stone_slab":3,"farmersdelight:rice_panicle":44,"gravestone:obituary":7,"minecraft:string":1,"minecraft:dirt":1,"born_in_chaos_v1:intoxicating_decoction":2,"minecraft:bone":6,"minecraft:bucket":1,"minecraft:iron_ingot":1,"minecraft:birch_sapling":1,"minecraft:iron_boots":1,"minecraft:raw_iron":4,"minecraft:torch":1,"minecraft:gravel":1,"born_in_chaos_v1:pieceofdarkmetal":2,"minecraft:spruce_log":15,"minecraft:arrow":2,"minecraft:rotten_flesh":10,"alexsmobs:maggot":1,"born_in_chaos_v1:rotten_fish":2,"minecraft:coal":39,"minecraft:cobblestone":70,"minecraft:ender_pearl":1},"minecraft:used":{"farmersdelight:cooked_rice":13,"minecraft:water_bucket":2,"minecraft:stone_sword":101,"minecraft:birch_planks":1,"minecraft:stone_pickaxe":113,"minecraft:wooden_pickaxe":3,"minecraft:torch":1,"minecraft:dirt":1,"minecraft:anvil":1,"minecraft:crafting_table":3,"minecraft:campfire":1,"minecraft:lantern":1,"minecraft:bread":1,"minecraft:iron_pickaxe":1,"minecraft:stone_axe":9,"irons_spellbooks:magehunter":22,"minecraft:furnace":1,"minecraft:bucket":2},"minecraft:dropped":{"minecraft:rotten_flesh":4,"minecraft:dirt":1,"born_in_chaos_v1:monster_skin":1,"gravestone:obituary":17,"minecraft:bucket":2},"minecraft:mined":{"minecraft:crafting_table":1,"gravestone:gravestone":11,"minecraft:grass_block":1,"minecraft:stone_slab":3,"minecraft:spruce_leaves":3,"minecraft:large_fern":1,"minecraft:coarse_dirt":1,"minecraft:birch_log":7,"minecraft:iron_ore":4,"minecraft:spruce_log":17,"minecraft:birch_leaves":4,"minecraft:anvil":1,"minecraft:grass":1,"minecraft:coal_ore":39,"minecraft:dirt":2,"farmersdelight:rice_panicles":45,"minecraft:stone":70,"minecraft:oak_leaves":6,"minecraft:fern":1}},"DataVersion":3465}