{"stats":{"minecraft:broken":{"minecraft:leather_chestplate":1},"minecraft:dropped":{"minecraft:cobblestone":1,"gravestone:obituary":7,"minecraft:wooden_pickaxe":1},"minecraft:mined":{"minecraft:torch":1,"gravestone:gravestone":7,"minecraft:granite":4,"minecraft:grass_block":1,"realmrpg_skeletons:basic_skeleton":1,"minecraft:tall_grass":7,"minecraft:cobblestone":4,"minecraft:lapis_ore":6,"minecraft:diorite":2,"minecraft:wall_torch":2,"minecraft:iron_ore":14,"minecraft:birch_log":8,"minecraft:birch_leaves":7,"born_in_chaos_v1:river_mint":1,"treechop:chopped_log":1,"minecraft:grass":8,"cavesanddepths:lichenfungus":1,"minecraft:coal_ore":36,"minecraft:stone":32},"minecraft:picked_up":{"minecraft:birch_log":9,"minecraft:leather_chestplate":1,"born_in_chaos_v1:river_mint":1,"create:raw_zinc":6,"gravestone:obituary":1,"cavesanddepths:lichenfungusplaceable":1,"minecraft:lapis_lazuli":40,"minecraft:string":2,"minecraft:dirt":1,"minecraft:bone":5,"minecraft:raw_iron":14,"minecraft:torch":3,"minecraft:diorite":2,"minecraft:arrow":1,"minecraft:granite":4,"minecraft:bread":16,"minecraft:coal":54,"minecraft:cobblestone":42},"minecraft:used":{"minecraft:diorite":2,"minecraft:stone_sword":77,"minecraft:stone_pickaxe":95,"minecraft:wooden_pickaxe":10,"minecraft:torch":4,"minecraft:dirt":1,"minecraft:crafting_table":1,"minecraft:bread":3,"vinery:noir_wine":4,"minecraft:cobblestone":28,"born_in_chaos_v1:river_mint":1,"minecraft:furnace":1,"minecraft:cooked_beef":1},"minecraft:custom":{"minecraft:interact_with_furnace":2,"minecraft:mob_kills":9,"minecraft:interact_with_crafting_table":6,"minecraft:open_barrel":1,"minecraft:damage_dealt_resisted":964,"minecraft:leave_game":2,"minecraft:time_since_death":29098,"minecraft:sleep_in_bed":1,"minecraft:climb_one_cm":2100,"minecraft:time_since_rest":8100,"minecraft:sprint_one_cm":144757,"minecraft:damage_taken":1692,"minecraft:walk_one_cm":105852,"minecraft:drop":9,"minecraft:damage_dealt":2071,"minecraft:swim_one_cm":1748,"minecraft:fly_one_cm":284939,"minecraft:open_chest":9,"minecraft:crouch_one_cm":4188,"minecraft:play_time":78504,"minecraft:deaths":7,"minecraft:sneak_time":2285,"minecraft:walk_under_water_one_cm":4537,"minecraft:jump":719,"minecraft:walk_on_water_one_cm":10266,"minecraft:total_world_time":78504,"minecraft:fall_one_cm":76644},"minecraft:crafted":{"minecraft:cooked_beef":1,"minecraft:crafting_table":1,"minecraft:wooden_pickaxe":2,"minecraft:furnace":1,"minecraft:birch_planks":16,"minecraft:air":0,"minecraft:stick":12,"minecraft:stone_pickaxe":1,"minecraft:stone_sword":1,"minecraft:torch":20},"minecraft:killed_by":{"irons_spellbooks:necromancer":1,"realmrpg_demons:chort":2,"minecraft:skeleton":1,"minecraft:creeper":1,"majruszsdifficulty:cursed_armor":1,"born_in_chaos_v1:corpse_fly":1},"minecraft:killed":{"irons_spellbooks:summoned_zombie":3,"majruszsdifficulty:cursed_armor":1,"minecraft:creeper":1,"minecraft:skeleton":2,"born_in_chaos_v1:corpse_fly":3}},"DataVersion":3120}