{"stats":{"minecraft:custom":{"minecraft:open_barrel":4,"minecraft:time_since_rest":185,"minecraft:crouch_one_cm":2583,"minecraft:play_time":18311,"minecraft:sprint_one_cm":28230,"minecraft:deaths":1,"minecraft:damage_taken":280,"minecraft:walk_one_cm":35449,"minecraft:sneak_time":736,"minecraft:drop":1,"minecraft:jump":307,"minecraft:damage_dealt":34,"minecraft:time_since_death":146,"minecraft:leave_game":1,"minecraft:walk_on_water_one_cm":156,"minecraft:total_world_time":18311,"minecraft:climb_one_cm":1024,"minecraft:fall_one_cm":17913,"minecraft:fly_one_cm":83487},"minecraft:crafted":{"minecraft:spruce_planks":12},"minecraft:killed_by":{"minecraft:player":1},"minecraft:picked_up":{"luminousworld:spuds":1,"minecraft:wheat_seeds":1,"minecraft:spruce_log":6},"minecraft:mined":{"luminousworld:mossbuds_2":1,"minecraft:vine":1,"luminousworld:spuds":1,"minecraft:spruce_leaves":5,"minecraft:spruce_log":6},"minecraft:dropped":{"gravestone:obituary":1}},"DataVersion":3120}