{"stats":{"minecraft:dropped":{"minecraft:cobblestone":1,"gravestone:obituary":8,"minecraft:wooden_pickaxe":1},"minecraft:broken":{"minecraft:iron_shovel":1,"minecraft:leather_chestplate":1},"minecraft:mined":{"minecraft:torch":1,"gravestone:gravestone":8,"minecraft:granite":4,"minecraft:grass_block":166,"realmrpg_skeletons:basic_skeleton":1,"minecraft:tall_grass":8,"minecraft:cobblestone":4,"minecraft:lapis_ore":6,"minecraft:diorite":2,"minecraft:wall_torch":2,"minecraft:iron_ore":14,"minecraft:birch_log":8,"minecraft:birch_leaves":7,"born_in_chaos_v1:river_mint":1,"treechop:chopped_log":1,"minecraft:grass":13,"cavesanddepths:lichenfungus":1,"minecraft:coal_ore":36,"minecraft:dirt":104,"minecraft:stone":32},"minecraft:picked_up":{"minecraft:birch_log":9,"minecraft:leather_chestplate":1,"born_in_chaos_v1:river_mint":1,"create:raw_zinc":6,"gravestone:obituary":2,"cavesanddepths:lichenfungusplaceable":1,"minecraft:lapis_lazuli":40,"minecraft:string":2,"minecraft:dirt":265,"minecraft:bone":5,"minecraft:wheat_seeds":12,"minecraft:raw_iron":14,"minecraft:torch":3,"minecraft:diorite":2,"minecraft:arrow":1,"minecraft:granite":4,"minecraft:bread":16,"minecraft:coal":54,"minecraft:cobblestone":42},"minecraft:used":{"minecraft:diorite":2,"minecraft:stone_sword":77,"minecraft:iron_shovel":275,"minecraft:stone_pickaxe":95,"minecraft:chest":2,"minecraft:wooden_pickaxe":10,"minecraft:iron_sword":1,"minecraft:torch":4,"minecraft:dirt":2,"minecraft:crafting_table":1,"minecraft:bread":6,"vinery:noir_wine":4,"minecraft:cobblestone":28,"born_in_chaos_v1:river_mint":1,"minecraft:furnace":1,"minecraft:cooked_beef":1},"minecraft:custom":{"minecraft:interact_with_furnace":4,"minecraft:mob_kills":9,"minecraft:interact_with_crafting_table":9,"minecraft:open_barrel":1,"minecraft:damage_dealt_resisted":964,"minecraft:leave_game":2,"minecraft:time_since_death":2016,"minecraft:sleep_in_bed":3,"minecraft:climb_one_cm":2100,"minecraft:time_since_rest":2039,"minecraft:sprint_one_cm":167162,"minecraft:damage_taken":2022,"minecraft:walk_one_cm":138887,"minecraft:drop":10,"minecraft:damage_dealt":2131,"minecraft:swim_one_cm":1748,"minecraft:talked_to_villager":2,"minecraft:fly_one_cm":320605,"minecraft:open_chest":10,"minecraft:crouch_one_cm":4188,"minecraft:play_time":102504,"minecraft:deaths":8,"minecraft:sneak_time":2285,"minecraft:walk_under_water_one_cm":4537,"minecraft:jump":881,"minecraft:walk_on_water_one_cm":10266,"minecraft:total_world_time":102504,"minecraft:fall_one_cm":81772},"minecraft:crafted":{"minecraft:cooked_beef":1,"minecraft:crafting_table":1,"simplyswords:iron_katana":1,"minecraft:wooden_pickaxe":2,"minecraft:iron_sword":1,"minecraft:furnace":1,"minecraft:birch_planks":36,"minecraft:bread":11,"minecraft:air":0,"minecraft:stick":20,"minecraft:iron_ingot":14,"minecraft:stone_pickaxe":1,"minecraft:stone_sword":1,"minecraft:chest":2,"minecraft:iron_shovel":3,"minecraft:torch":20},"minecraft:killed_by":{"minecraft:player":1,"irons_spellbooks:necromancer":1,"realmrpg_demons:chort":2,"minecraft:skeleton":1,"minecraft:creeper":1,"majruszsdifficulty:cursed_armor":1,"born_in_chaos_v1:corpse_fly":1},"minecraft:killed":{"irons_spellbooks:summoned_zombie":3,"majruszsdifficulty:cursed_armor":1,"minecraft:creeper":1,"minecraft:skeleton":2,"born_in_chaos_v1:corpse_fly":3}},"DataVersion":3120}