{"stats":{"minecraft:used":{"minecraft:dark_oak_planks":9,"minecraft:melon_slice":7,"minecraft:chest":1,"minecraft:wooden_pickaxe":1,"minecraft:dirt":1,"minecraft:crafting_table":2},"minecraft:crafted":{"minecraft:crafting_table":2,"minecraft:stick":4,"minecraft:wooden_pickaxe":1,"minecraft:chest":1,"minecraft:dark_oak_planks":24,"minecraft:jungle_planks":8},"minecraft:killed":{"hordes:zombie_player":1},"minecraft:killed_by":{"minecraft:zombie":2},"minecraft:picked_up":{"minecraft:crafting_table":2,"vinery:jungle_grapes_white":2,"minecraft:jungle_log":5,"minecraft:dirt":1,"alexsmobs:animal_dictionary":1,"minecraft:paper":18,"minecraft:dark_oak_planks":22,"minecraft:melon_slice":48,"minecraft:dark_oak_wood":6},"minecraft:mined":{"minecraft:dark_oak_planks":2,"minecraft:large_fern":4,"vinery:jungle_grape_bush_red":1,"minecraft:crafting_table":1,"minecraft:grass":5,"minecraft:dark_oak_wood":6,"minecraft:grass_block":1,"minecraft:melon":3,"minecraft:vine":2,"minecraft:jungle_log":5,"minecraft:fern":1},"minecraft:custom":{"minecraft:time_since_rest":7026,"minecraft:sprint_one_cm":42817,"minecraft:damage_taken":925,"minecraft:walk_one_cm":32162,"minecraft:mob_kills":1,"minecraft:damage_dealt":369,"minecraft:swim_one_cm":7957,"minecraft:interact_with_crafting_table":3,"minecraft:fly_one_cm":80618,"minecraft:open_barrel":2,"minecraft:open_chest":2,"minecraft:crouch_one_cm":525,"minecraft:play_time":16615,"minecraft:deaths":2,"minecraft:sneak_time":966,"minecraft:walk_under_water_one_cm":320,"minecraft:jump":246,"minecraft:leave_game":1,"minecraft:time_since_death":7003,"minecraft:walk_on_water_one_cm":2499,"minecraft:climb_one_cm":1057,"minecraft:total_world_time":16615,"minecraft:fall_one_cm":18746}},"DataVersion":3120}