{"stats":{"minecraft:killed":{"minecraft:zombie_villager":1,"minecraft:spider":1,"majruszsdifficulty:cursed_armor":1,"irons_spellbooks:necromancer":1,"born_in_chaos_v1:maggot":3,"minecraft:skeleton":2,"minecraft:zombie":1,"born_in_chaos_v1:corpse_fly":1,"hordes:husk_player":1},"minecraft:killed_by":{"minecraft:zombie_villager":1,"minecraft:zombie":1,"iceandfire:ghost":1},"minecraft:custom":{"minecraft:interact_with_furnace":11,"minecraft:mob_kills":11,"minecraft:interact_with_crafting_table":17,"minecraft:open_barrel":27,"minecraft:eat_cake_slice":5,"minecraft:leave_game":4,"minecraft:time_since_death":62271,"minecraft:sleep_in_bed":2,"minecraft:climb_one_cm":3010,"minecraft:time_since_rest":6871,"minecraft:sprint_one_cm":148750,"minecraft:damage_taken":4600,"minecraft:walk_one_cm":179643,"minecraft:trigger_trapped_chest":1,"minecraft:drop":13,"minecraft:damage_dealt":2643,"minecraft:swim_one_cm":48333,"minecraft:talked_to_villager":3,"minecraft:fly_one_cm":174203,"minecraft:open_chest":8,"minecraft:crouch_one_cm":6061,"minecraft:play_time":112726,"minecraft:deaths":6,"minecraft:sneak_time":3806,"minecraft:walk_under_water_one_cm":13423,"minecraft:jump":1107,"minecraft:interact_with_blast_furnace":12,"minecraft:walk_on_water_one_cm":31341,"minecraft:total_world_time":112726,"minecraft:fall_one_cm":24988},"minecraft:mined":{"create:zinc_ore":25,"minecraft:acacia_leaves":2,"iceandfire:silver_ore":22,"minecraft:dark_oak_log":2,"minecraft:crafting_table":1,"gravestone:gravestone":4,"minecraft:granite":3,"minecraft:acacia_log":8,"minecraft:grass_block":2,"minecraft:tall_grass":6,"minecraft:cobblestone":8,"minecraft:diorite":30,"minecraft:chiseled_stone_bricks":1,"minecraft:wall_torch":6,"minecraft:hay_block":8,"minecraft:iron_ore":33,"minecraft:wheat":13,"minecraft:andesite":4,"minecraft:stripped_spruce_log":1,"minecraft:pumpkin":12,"minecraft:peony":1,"minecraft:grass":21,"minecraft:coal_ore":43,"minecraft:gravel":1,"minecraft:dirt":11,"minecraft:cracked_stone_bricks":1,"iceandfire:frost_lily":1,"minecraft:stone":130,"minecraft:fern":2,"minecraft:orange_bed":1},"minecraft:broken":{"minecraft:iron_pickaxe":1},"minecraft:crafted":{"iceandfire:silver_ingot":15,"vinery:grapevine_stem":4,"minecraft:crafting_table":5,"minecraft:spruce_planks":4,"minecraft:wooden_pickaxe":1,"minecraft:furnace":2,"minecraft:cooked_salmon":9,"minecraft:bread":29,"minecraft:air":0,"iceandfire:armor_silver_metal_chestplate":1,"iceandfire:armor_silver_metal_helmet":1,"minecraft:iron_chestplate":1,"minecraft:iron_pickaxe":2,"minecraft:stick":20,"minecraft:iron_ingot":25,"minecraft:stone_pickaxe":1,"minecraft:iron_leggings":1,"minecraft:acacia_planks":20,"minecraft:dark_oak_planks":8,"minecraft:torch":44,"iceandfire:silver_sword":1,"minecraft:wheat":63},"minecraft:dropped":{"minecraft:wheat_seeds":1,"minecraft:acacia_log":3,"minecraft:acacia_leaves":6,"minecraft:iron_chestplate":1,"artifacts:steadfast_spikes":1,"minecraft:iron_leggings":1,"gravestone:obituary":6,"create:raw_zinc":13},"minecraft:used":{"minecraft:golden_boots":1,"minecraft:peony":1,"minecraft:diorite":6,"minecraft:writable_book":1,"iceandfire:silver_sword":23,"minecraft:stone_pickaxe":107,"minecraft:wooden_pickaxe":13,"minecraft:cooked_salmon":7,"minecraft:orange_bed":2,"minecraft:torch":35,"minecraft:crafting_table":6,"minecraft:granite":2,"minecraft:cake":1,"minecraft:bread":48,"minecraft:melon_slice":5,"minecraft:iron_pickaxe":233,"minecraft:gravel":1,"vinery:grapevine_stem":3,"minecraft:cobblestone":42,"minecraft:furnace":2},"minecraft:picked_up":{"born_in_chaos_v1:corpse_maggot":4,"minecraft:crafting_table":1,"minecraft:wheat":18,"irons_spellbooks:tarnished_helmet":1,"minecraft:andesite":13,"minecraft:acacia_leaves":6,"minecraft:stone_slab":1,"minecraft:wooden_pickaxe":1,"minecraft:filled_map":2,"create:raw_zinc":25,"gravestone:obituary":1,"iceandfire:ectoplasm":5,"iceandfire:manuscript":2,"minecraft:dirt":14,"minecraft:paper":21,"minecraft:cooked_salmon":3,"minecraft:iron_leggings":1,"minecraft:bone":4,"minecraft:acacia_planks":1,"minecraft:apple":1,"minecraft:cracked_stone_bricks":1,"minecraft:wheat_seeds":112,"iceandfire:frost_lily":1,"minecraft:stone_pickaxe":1,"artifacts:steadfast_spikes":1,"minecraft:sugar_cane":3,"minecraft:book":1,"minecraft:raw_iron":41,"minecraft:pumpkin":12,"minecraft:chiseled_stone_bricks":1,"vinery:white_grape":5,"minecraft:torch":21,"minecraft:acacia_log":15,"iceandfire:silver_ore":24,"minecraft:gravel":1,"minecraft:stripped_spruce_log":1,"minecraft:ink_sac":2,"minecraft:diorite":33,"minecraft:grass_block":2,"minecraft:dark_oak_log":2,"alexsmobs:animal_dictionary":1,"minecraft:orange_bed":3,"minecraft:rotten_flesh":13,"minecraft:peony":1,"minecraft:hay_block":14,"minecraft:granite":3,"minecraft:gold_ingot":3,"minecraft:bread":17,"minecraft:coal":55,"minecraft:cobblestone":153,"minecraft:ender_pearl":2}},"DataVersion":3120}