{"stats":{"minecraft:custom":{"minecraft:mob_kills":85,"minecraft:interact_with_crafting_table":14,"minecraft:open_barrel":37,"minecraft:bell_ring":13,"minecraft:damage_dealt_resisted":50,"minecraft:leave_game":6,"minecraft:time_since_death":13143,"minecraft:climb_one_cm":13066,"minecraft:sprint_one_cm":338987,"minecraft:walk_one_cm":323269,"minecraft:drop":35,"minecraft:talked_to_villager":3,"minecraft:play_time":152565,"minecraft:deaths":13,"minecraft:sneak_time":1804,"minecraft:walk_under_water_one_cm":423,"minecraft:jump":1412,"minecraft:walk_on_water_one_cm":1920,"minecraft:total_world_time":152565,"minecraft:sleep_in_bed":5,"minecraft:time_since_rest":13169,"minecraft:damage_taken":6118,"minecraft:damage_absorbed":79,"minecraft:damage_dealt":14086,"minecraft:fly_one_cm":264923,"minecraft:player_kills":4,"minecraft:open_chest":89,"minecraft:crouch_one_cm":2548,"minecraft:interact_with_smoker":1,"minecraft:fall_one_cm":38707},"minecraft:crafted":{"farmersdelight:iron_knife":1,"minecraft:iron_sword":2,"minecraft:birch_planks":4,"farmersdelight:cutting_board":1,"minecraft:iron_chestplate":1,"minecraft:golden_apple":2,"minecraft:stick":17,"minecraft:iron_pickaxe":2,"minecraft:gold_ingot":18,"minecraft:iron_leggings":1,"minecraft:torch":48},"minecraft:picked_up":{"minecraft:cocoa_beans":1,"minecraft:iron_chestplate":4,"minecraft:coarse_dirt":2,"minecraft:allium":7,"minecraft:chicken":6,"born_in_chaos_v1:river_mint":2,"minecraft:ladder":1,"minecraft:potion":1,"minecraft:enchanted_book":1,"minecraft:stone_brick_stairs":2,"minecraft:chain":1,"gravestone:obituary":5,"minecraft:shield":1,"minecraft:string":16,"minecraft:iron_leggings":3,"minecraft:experience_bottle":5,"minecraft:beetroot":3,"irons_spellbooks:arcane_essence":6,"minecraft:cobbled_deepslate":1,"bosses_of_mass_destruction:soul_star":1,"improvableskills:scroll_normal":1,"minecraft:spruce_planks":2,"minecraft:iron_nugget":4,"minecraft:iron_pickaxe":2,"minecraft:spruce_slab":2,"minecraft:melon_slice":1,"minecraft:egg":8,"minecraft:iron_boots":4,"minecraft:golden_helmet":1,"minecraft:stick":4,"minecraft:raw_iron":2,"minecraft:stone":2,"born_in_chaos_v1:shattered_skull":1,"minecraft:oak_door":1,"minecraft:torch":36,"minecraft:spruce_stairs":2,"minecraft:porkchop":7,"minecraft:carrot":5,"minecraft:stone_sword":2,"minecraft:arrow":25,"minecraft:rotten_flesh":42,"minecraft:cooked_cod":5,"farmersdelight:onion":6,"minecraft:peony":2,"alexsmobs:emu_egg":2,"minecraft:gold_ingot":2,"minecraft:iron_bars":4,"minecraft:white_wool":5,"minecraft:cobblestone":3,"minecraft:birch_log":1,"born_in_chaos_v1:corpse_maggot":11,"minecraft:andesite":20,"alexsmobs:acacia_blossom":2,"majruszsdifficulty:tattered_helmet":2,"minecraft:potato":24,"minecraft:flint":2,"minecraft:yellow_bed":1,"minecraft:map":2,"minecraft:dirt":27,"minecraft:name_tag":8,"irons_spellbooks:common_ink":1,"minecraft:bone":31,"minecraft:apple":66,"minecraft:stone_bricks":1,"minecraft:wheat_seeds":18,"farmersdelight:pumpkin_slice":16,"minecraft:iron_ingot":6,"minecraft:cobweb":3,"minecraft:rabbit":5,"minecraft:diamond_helmet":4,"minecraft:acacia_sapling":3,"minecraft:book":9,"minecraft:milk_bucket":2,"minecraft:music_disc_13":1,"minecraft:pumpkin":24,"minecraft:sweet_berries":13,"minecraft:dandelion":2,"minecraft:white_bed":1,"minecraft:spider_eye":4,"alexsmobs:animal_dictionary":1,"minecraft:leather_helmet":1,"minecraft:sugar":3,"minecraft:diamond":2,"minecraft:stone_axe":1,"minecraft:writable_book":5,"minecraft:crossbow":3,"minecraft:diamond_axe":4,"minecraft:emerald":4,"irons_spellbooks:uncommon_ink":1,"minecraft:stripped_dark_oak_log":3,"minecraft:coal":4,"minecraft:andesite_slab":2,"minecraft:sunflower":3},"minecraft:mined":{"graveyard:tg_coarse_dirt":1,"minecraft:spruce_planks":1,"minecraft:white_bed":1,"gravestone:gravestone":1,"minecraft:allium":1,"minecraft:grass_block":7,"minecraft:spawner":2,"farmersdelight:wild_onions":3,"minecraft:andesite":10,"minecraft:pumpkin":9,"minecraft:peony":1,"minecraft:vine":3,"minecraft:iron_bars":2,"minecraft:stone":1,"minecraft:spruce_slab":1,"minecraft:podzol":3,"minecraft:stripped_dark_oak_log":3,"minecraft:dandelion":1,"minecraft:torch":1,"minecraft:andesite_slab":1,"minecraft:tall_grass":55,"minecraft:cobblestone":1,"minecraft:wall_torch":5,"minecraft:spruce_stairs":1,"minecraft:coarse_dirt":2,"minecraft:birch_log":1,"born_in_chaos_v1:river_mint":2,"minecraft:stone_brick_stairs":2,"minecraft:grass":89,"minecraft:sunflower":2,"minecraft:dirt":13,"minecraft:oak_leaves":1,"minecraft:deepslate":1},"minecraft:used":{"alexsmobs:emu_egg":2,"minecraft:writable_book":1,"minecraft:stone_sword":13,"minecraft:ladder":1,"minecraft:iron_sword":56,"minecraft:oak_door":1,"minecraft:iron_chestplate":2,"minecraft:torch":34,"minecraft:dirt":6,"minecraft:carrot":3,"minecraft:allium":7,"minecraft:diamond_helmet":1,"minecraft:acacia_sapling":1,"minecraft:iron_boots":1,"farmersdelight:cutting_board":1,"minecraft:golden_carrot":1,"minecraft:sweet_berries":1,"minecraft:cooked_cod":5,"minecraft:cooked_beef":1,"minecraft:cobbled_deepslate":1,"minecraft:iron_leggings":1,"minecraft:cooked_mutton":3,"minecraft:andesite_slab":2,"minecraft:diamond_axe":177,"farmersdelight:pumpkin_slice":10,"minecraft:white_wool":3,"minecraft:golden_apple":3,"minecraft:stripped_dark_oak_log":1,"majruszsdifficulty:tattered_helmet":1,"minecraft:crossbow":3,"minecraft:white_bed":1,"minecraft:apple":28,"minecraft:bread":7,"minecraft:iron_pickaxe":34,"minecraft:cooked_porkchop":3,"minecraft:yellow_bed":1},"minecraft:dropped":{"minecraft:enchanted_book":1,"minecraft:bread":13,"minecraft:porkchop":7,"minecraft:wheat_seeds":4,"minecraft:diamond_axe":1,"minecraft:cookie":6,"majruszsdifficulty:tattered_helmet":1,"minecraft:apple":5,"minecraft:spruce_stairs":1,"minecraft:rabbit":5,"gravestone:obituary":9,"minecraft:white_wool":3,"minecraft:stone_axe":1,"minecraft:stone_sword":2,"minecraft:chicken":6,"minecraft:iron_boots":1,"minecraft:spruce_planks":1,"minecraft:iron_chestplate":1,"minecraft:andesite":10,"minecraft:spruce_slab":1,"minecraft:wooden_pickaxe":1},"minecraft:killed":{"hordes:zombie_player":9,"minecraft:spider":6,"born_in_chaos_v1:maggot":19,"minecraft:skeleton":14,"irons_spellbooks:necromancer":1,"born_in_chaos_v1:decrepit_skeleton":1,"minecraft:zombie":36},"minecraft:killed_by":{"minecraft:player":2,"endermanoverhaul:cave_enderman":1,"hordes:zombie_player":1,"minecraft:skeleton":1,"minecraft:zombie":5}},"DataVersion":3120}