{"stats":{"minecraft:dropped":{"minecraft:wheat_seeds":6,"minecraft:cooked_beef":2,"minecraft:lilac":3,"minecraft:mossy_cobblestone":1,"minecraft:cobblestone":6,"minecraft:granite":6,"minecraft:acacia_log":3,"minecraft:flint":7,"minecraft:dirt":23,"minecraft:ink_sac":1,"minecraft:iron_leggings":1,"minecraft:dead_bush":1,"gravestone:obituary":16,"create:raw_zinc":13,"minecraft:rotten_flesh":51,"minecraft:stone_slab":2,"minecraft:acacia_leaves":6,"minecraft:filled_map":1,"minecraft:flower_pot":1,"artifacts:steadfast_spikes":1,"minecraft:iron_chestplate":1,"minecraft:beetroot_seeds":1,"born_in_chaos_v1:corpse_maggot":12},"minecraft:custom":{"minecraft:mob_kills":111,"minecraft:interact_with_crafting_table":25,"minecraft:open_barrel":47,"minecraft:damage_dealt_resisted":681,"minecraft:eat_cake_slice":5,"minecraft:leave_game":5,"minecraft:time_since_death":2012,"minecraft:climb_one_cm":7620,"minecraft:sprint_one_cm":359973,"minecraft:walk_one_cm":380683,"minecraft:drop":78,"minecraft:talked_to_villager":3,"minecraft:play_time":231776,"minecraft:deaths":18,"minecraft:sneak_time":5629,"minecraft:walk_under_water_one_cm":23672,"minecraft:jump":2769,"minecraft:interact_with_blast_furnace":12,"minecraft:walk_on_water_one_cm":44169,"minecraft:total_world_time":231776,"minecraft:interact_with_furnace":17,"minecraft:sleep_in_bed":3,"minecraft:time_since_rest":2039,"minecraft:damage_absorbed":40,"minecraft:damage_taken":10324,"minecraft:trigger_trapped_chest":3,"minecraft:damage_dealt":16774,"minecraft:swim_one_cm":88253,"minecraft:fly_one_cm":500584,"minecraft:open_chest":49,"minecraft:crouch_one_cm":8348,"minecraft:fall_one_cm":67800},"minecraft:killed":{"hordes:zombie_player":1,"minecraft:spider":3,"born_in_chaos_v1:zombie_bruiser":2,"born_in_chaos_v1:maggot":25,"minecraft:skeleton":4,"minecraft:drowned":1,"hordes:husk_player":1,"born_in_chaos_v1:fallen_chaos_knight":1,"minecraft:zombie_villager":1,"majruszsdifficulty:cursed_armor":1,"irons_spellbooks:necromancer":1,"born_in_chaos_v1:decrepit_skeleton":1,"minecraft:zombie":64,"born_in_chaos_v1:corpse_fly":1,"minecraft:stray":1,"minecraft:cow":1},"minecraft:killed_by":{"minecraft:zombie_villager":1,"minecraft:player":2,"minecraft:creeper":1,"born_in_chaos_v1:supreme_bonescaller":2,"minecraft:skeleton":2,"minecraft:zombie":1,"iceandfire:ghost":4,"born_in_chaos_v1:maggot":1},"minecraft:crafted":{"minecraft:oak_planks":16,"minecraft:furnace":2,"minecraft:raw_copper_block":20,"iceandfire:armor_silver_metal_chestplate":1,"minecraft:stone_pickaxe":1,"minecraft:dark_oak_planks":8,"minecraft:wheat":63,"minecraft:cooked_beef":8,"iceandfire:silver_ingot":15,"vinery:grapevine_stem":4,"minecraft:crafting_table":7,"farmersdelight:iron_knife":1,"minecraft:spruce_planks":4,"minecraft:wooden_pickaxe":1,"minecraft:cooked_salmon":9,"minecraft:bucket":1,"minecraft:birch_planks":8,"minecraft:air":0,"minecraft:bread":29,"farmersdelight:cutting_board":1,"iceandfire:armor_silver_metal_helmet":1,"minecraft:iron_chestplate":1,"minecraft:stick":40,"minecraft:iron_ingot":31,"minecraft:iron_pickaxe":2,"minecraft:iron_shovel":1,"minecraft:iron_leggings":1,"minecraft:acacia_planks":20,"minecraft:torch":44,"iceandfire:silver_sword":1},"minecraft:used":{"minecraft:peony":1,"minecraft:writable_book":1,"iceandfire:silver_sword":311,"minecraft:iron_shovel":32,"farmersdelight:cabbage":4,"vinery:white_grape":9,"minecraft:cooked_salmon":12,"minecraft:orange_bed":2,"minecraft:torch":56,"minecraft:dirt":22,"minecraft:carrot":4,"minecraft:granite":2,"farmersdelight:rope":17,"vinery:grapevine_stem":3,"minecraft:stone_bricks":2,"farmersdelight:cutting_board":1,"minecraft:furnace":3,"minecraft:potato":16,"minecraft:cooked_beef":6,"vinery:white_grape_seeds":5,"minecraft:brown_bed":1,"minecraft:golden_boots":1,"minecraft:water_bucket":4,"minecraft:diorite":11,"minecraft:birch_planks":6,"minecraft:stone_pickaxe":107,"minecraft:wooden_pickaxe":13,"farmersdelight:pumpkin_slice":40,"minecraft:cracked_stone_bricks":2,"minecraft:golden_apple":1,"minecraft:golden_hoe":37,"minecraft:crafting_table":8,"minecraft:cake":1,"minecraft:apple":5,"minecraft:firework_rocket":1,"minecraft:bread":59,"minecraft:melon_slice":5,"minecraft:iron_pickaxe":412,"minecraft:gravel":1,"create:andesite_casing":1,"minecraft:chiseled_stone_bricks":1,"minecraft:cobblestone":119,"minecraft:bucket":5,"minecraft:birch_log":4,"minecraft:pumpkin_pie":10},"minecraft:mined":{"create:zinc_ore":25,"iceandfire:silver_ore":22,"minecraft:deepslate_diamond_ore":2,"minecraft:dark_oak_log":2,"minecraft:potted_dead_bush":2,"gravestone:gravestone":12,"minecraft:granite":5,"minecraft:acacia_log":8,"minecraft:grass_block":16,"farmersdelight:wild_cabbages":12,"minecraft:chiseled_stone_bricks":1,"minecraft:spawner":2,"minecraft:hay_block":8,"minecraft:furnace":1,"minecraft:mossy_cobblestone_stairs":1,"minecraft:iron_ore":43,"minecraft:fire":3,"minecraft:andesite":9,"minecraft:stripped_spruce_log":1,"minecraft:pumpkin":25,"minecraft:peony":2,"minecraft:brown_bed":1,"iceandfire:frost_lily":1,"minecraft:stone":185,"minecraft:orange_bed":1,"minecraft:acacia_leaves":2,"minecraft:crafting_table":1,"minecraft:torch":7,"minecraft:rose_bush":2,"minecraft:copper_ore":57,"minecraft:tall_grass":20,"minecraft:cobblestone":10,"minecraft:diorite":41,"minecraft:wall_torch":10,"vinery:white_grape_bush":1,"farmersdelight:sandy_shrub":3,"minecraft:wheat":13,"minecraft:birch_leaves":1,"minecraft:grass":78,"minecraft:coal_ore":43,"minecraft:sand":24,"minecraft:gravel":1,"minecraft:dirt":19,"minecraft:cracked_stone_bricks":2,"minecraft:stone_bricks":3,"minecraft:deepslate":17,"minecraft:fern":6},"minecraft:picked_up":{"irons_spellbooks:scroll":3,"minecraft:crafting_table":1,"minecraft:wheat":18,"minecraft:flower_pot":1,"irons_spellbooks:tarnished_helmet":1,"minecraft:stone_slab":2,"minecraft:wooden_pickaxe":1,"minecraft:brown_bed":1,"minecraft:enchanted_book":2,"gravestone:obituary":3,"iceandfire:armor_silver_metal_chestplate":3,"iceandfire:manuscript":2,"minecraft:raw_copper":187,"minecraft:string":2,"minecraft:cooked_salmon":3,"minecraft:iron_leggings":5,"minecraft:iron_shovel":4,"minecraft:cracked_stone_bricks":2,"irons_spellbooks:arcane_essence":8,"minecraft:gold_nugget":6,"minecraft:cobbled_deepslate":1,"farmersdelight:cabbage":4,"iceandfire:frost_lily":1,"minecraft:beef":2,"minecraft:rose_bush":2,"minecraft:iron_pickaxe":3,"minecraft:enchanted_golden_apple":2,"minecraft:sugar_cane":13,"farmersdelight:cabbage_seeds":22,"minecraft:furnace":1,"minecraft:stick":15,"minecraft:raw_iron":51,"minecraft:torch":62,"minecraft:acacia_log":15,"create:andesite_casing":1,"iceandfire:silver_ore":24,"farmersdelight:tomato_seeds":3,"minecraft:diorite":33,"born_in_chaos_v1:pieceofdarkmetal":10,"minecraft:carrot":6,"minecraft:orange_bed":3,"iceandfire:silver_ingot":1,"minecraft:arrow":10,"minecraft:rotten_flesh":119,"minecraft:golden_hoe":1,"minecraft:beetroot_seeds":1,"minecraft:pumpkin_pie":6,"minecraft:peony":1,"vinery:white_grape_seeds":5,"minecraft:hay_block":14,"farmersdelight:rope":17,"minecraft:gold_ingot":7,"minecraft:cobblestone":312,"minecraft:birch_log":17,"born_in_chaos_v1:corpse_maggot":30,"minecraft:cooked_beef":2,"minecraft:lilac":3,"minecraft:water_bucket":1,"minecraft:andesite":13,"minecraft:salmon":3,"minecraft:leather":3,"minecraft:acacia_leaves":6,"minecraft:potato":22,"minecraft:filled_map":2,"minecraft:flint":7,"create:raw_zinc":71,"minecraft:oak_log":22,"iceandfire:ectoplasm":6,"minecraft:golden_boots":2,"minecraft:gunpowder":5,"minecraft:dirt":68,"minecraft:paper":21,"minecraft:name_tag":7,"farmersdelight:iron_knife":1,"minecraft:bone":88,"minecraft:acacia_planks":2,"minecraft:apple":20,"minecraft:stone_bricks":2,"minecraft:wheat_seeds":162,"iceandfire:armor_silver_metal_helmet":3,"farmersdelight:pumpkin_slice":40,"minecraft:stone_pickaxe":1,"minecraft:iron_ingot":6,"artifacts:steadfast_spikes":2,"minecraft:book":1,"minecraft:oak_slab":2,"irons_spellbooks:frozen_bone":1,"minecraft:pumpkin":22,"minecraft:chiseled_stone_bricks":1,"minecraft:gravel":1,"vinery:white_grape":22,"minecraft:sand":24,"minecraft:stripped_spruce_log":1,"minecraft:ink_sac":3,"minecraft:grass_block":2,"minecraft:dead_bush":5,"minecraft:dark_oak_log":6,"alexsmobs:animal_dictionary":1,"minecraft:mossy_cobblestone":1,"travelersbackpack:standard":3,"minecraft:diamond":4,"iceandfire:silver_sword":3,"minecraft:granite":9,"minecraft:golden_apple":1,"minecraft:mossy_cobblestone_stairs":1,"minecraft:emerald":6,"minecraft:bread":46,"minecraft:coal":71,"minecraft:ender_pearl":2},"minecraft:broken":{"minecraft:golden_boots":1,"minecraft:iron_pickaxe":1}},"DataVersion":3120}