{"stats":{"minecraft:dropped":{"minecraft:wheat_seeds":1,"minecraft:acacia_log":3,"minecraft:acacia_leaves":6,"artifacts:steadfast_spikes":1,"minecraft:iron_chestplate":1,"minecraft:iron_leggings":1,"gravestone:obituary":6,"create:raw_zinc":13},"minecraft:custom":{"minecraft:interact_with_furnace":12,"minecraft:mob_kills":13,"minecraft:interact_with_crafting_table":18,"minecraft:open_barrel":29,"minecraft:eat_cake_slice":5,"minecraft:leave_game":4,"minecraft:time_since_death":76248,"minecraft:sleep_in_bed":2,"minecraft:climb_one_cm":3010,"minecraft:time_since_rest":20848,"minecraft:sprint_one_cm":165191,"minecraft:damage_taken":4904,"minecraft:walk_one_cm":186787,"minecraft:trigger_trapped_chest":1,"minecraft:drop":13,"minecraft:damage_dealt":3097,"minecraft:talked_to_villager":3,"minecraft:swim_one_cm":51682,"minecraft:fly_one_cm":194255,"minecraft:open_chest":9,"minecraft:crouch_one_cm":6061,"minecraft:play_time":126703,"minecraft:deaths":6,"minecraft:sneak_time":3808,"minecraft:walk_under_water_one_cm":14602,"minecraft:jump":1249,"minecraft:interact_with_blast_furnace":12,"minecraft:walk_on_water_one_cm":31609,"minecraft:total_world_time":126703,"minecraft:fall_one_cm":29849},"minecraft:killed":{"minecraft:zombie_villager":1,"minecraft:spider":1,"majruszsdifficulty:cursed_armor":1,"irons_spellbooks:necromancer":1,"born_in_chaos_v1:maggot":3,"minecraft:skeleton":2,"minecraft:zombie":1,"born_in_chaos_v1:corpse_fly":1,"hordes:husk_player":1,"minecraft:cow":1},"minecraft:killed_by":{"minecraft:zombie_villager":1,"minecraft:zombie":1,"iceandfire:ghost":1},"minecraft:crafted":{"iceandfire:silver_ingot":15,"vinery:grapevine_stem":4,"minecraft:crafting_table":5,"minecraft:spruce_planks":4,"minecraft:wooden_pickaxe":1,"minecraft:furnace":2,"minecraft:cooked_salmon":9,"minecraft:bread":29,"minecraft:air":0,"iceandfire:armor_silver_metal_helmet":1,"iceandfire:armor_silver_metal_chestplate":1,"minecraft:iron_chestplate":1,"minecraft:stick":24,"minecraft:iron_ingot":25,"minecraft:iron_pickaxe":2,"minecraft:stone_pickaxe":1,"minecraft:iron_shovel":1,"minecraft:iron_leggings":1,"minecraft:acacia_planks":20,"minecraft:dark_oak_planks":8,"minecraft:torch":44,"iceandfire:silver_sword":1,"minecraft:wheat":63},"minecraft:picked_up":{"born_in_chaos_v1:corpse_maggot":6,"minecraft:crafting_table":1,"minecraft:wheat":18,"minecraft:leather":1,"minecraft:andesite":13,"minecraft:acacia_leaves":6,"irons_spellbooks:tarnished_helmet":1,"minecraft:stone_slab":1,"minecraft:wooden_pickaxe":1,"minecraft:filled_map":2,"create:raw_zinc":71,"gravestone:obituary":1,"iceandfire:ectoplasm":5,"iceandfire:manuscript":2,"minecraft:dirt":25,"minecraft:paper":21,"minecraft:cooked_salmon":3,"minecraft:iron_leggings":1,"minecraft:bone":4,"minecraft:acacia_planks":1,"minecraft:apple":1,"minecraft:cracked_stone_bricks":1,"minecraft:wheat_seeds":112,"minecraft:beef":2,"iceandfire:frost_lily":1,"minecraft:iron_ingot":4,"minecraft:stone_pickaxe":1,"artifacts:steadfast_spikes":1,"minecraft:sugar_cane":13,"minecraft:book":1,"minecraft:raw_iron":42,"minecraft:pumpkin":12,"minecraft:chiseled_stone_bricks":1,"minecraft:torch":21,"minecraft:acacia_log":15,"iceandfire:silver_ore":24,"minecraft:gravel":1,"vinery:white_grape":5,"minecraft:stripped_spruce_log":1,"minecraft:diorite":33,"minecraft:ink_sac":2,"minecraft:grass_block":2,"minecraft:dark_oak_log":2,"alexsmobs:animal_dictionary":1,"minecraft:orange_bed":3,"minecraft:rotten_flesh":13,"minecraft:peony":1,"minecraft:hay_block":14,"minecraft:granite":3,"minecraft:bread":17,"minecraft:gold_ingot":5,"minecraft:coal":65,"minecraft:cobblestone":213,"minecraft:ender_pearl":2},"minecraft:mined":{"create:zinc_ore":25,"minecraft:acacia_leaves":2,"iceandfire:silver_ore":22,"minecraft:dark_oak_log":2,"minecraft:crafting_table":1,"gravestone:gravestone":4,"minecraft:granite":3,"minecraft:acacia_log":8,"minecraft:grass_block":2,"minecraft:tall_grass":6,"minecraft:cobblestone":8,"minecraft:diorite":30,"minecraft:wall_torch":6,"minecraft:chiseled_stone_bricks":1,"minecraft:hay_block":8,"minecraft:iron_ore":34,"minecraft:wheat":13,"minecraft:andesite":4,"minecraft:pumpkin":12,"minecraft:stripped_spruce_log":1,"minecraft:peony":1,"minecraft:grass":22,"minecraft:coal_ore":43,"minecraft:gravel":1,"minecraft:dirt":11,"minecraft:cracked_stone_bricks":1,"iceandfire:frost_lily":1,"minecraft:stone":131,"minecraft:fern":2,"minecraft:orange_bed":1},"minecraft:used":{"minecraft:golden_boots":1,"minecraft:peony":1,"minecraft:diorite":6,"minecraft:writable_book":1,"iceandfire:silver_sword":31,"minecraft:stone_pickaxe":107,"minecraft:wooden_pickaxe":13,"minecraft:cooked_salmon":12,"minecraft:cracked_stone_bricks":1,"minecraft:orange_bed":2,"minecraft:torch":36,"minecraft:crafting_table":6,"minecraft:granite":2,"minecraft:cake":1,"minecraft:bread":48,"minecraft:melon_slice":5,"minecraft:iron_pickaxe":235,"minecraft:gravel":1,"vinery:grapevine_stem":3,"minecraft:chiseled_stone_bricks":1,"minecraft:cobblestone":42,"minecraft:furnace":2},"minecraft:broken":{"minecraft:iron_pickaxe":1}},"DataVersion":3120}