{"stats":{"minecraft:broken":{"minecraft:leather_chestplate":1},"minecraft:dropped":{"minecraft:cobblestone":1,"gravestone:obituary":7,"minecraft:wooden_pickaxe":1},"minecraft:mined":{"minecraft:birch_log":8,"minecraft:iron_ore":14,"minecraft:grass":6,"minecraft:birch_leaves":7,"treechop:chopped_log":1,"minecraft:torch":1,"gravestone:gravestone":7,"minecraft:granite":4,"realmrpg_skeletons:basic_skeleton":1,"cavesanddepths:lichenfungus":1,"minecraft:coal_ore":36,"minecraft:cobblestone":4,"minecraft:lapis_ore":6,"minecraft:stone":32,"minecraft:diorite":2,"minecraft:wall_torch":2},"minecraft:picked_up":{"minecraft:birch_log":9,"minecraft:raw_iron":14,"minecraft:leather_chestplate":1,"minecraft:torch":3,"create:raw_zinc":6,"gravestone:obituary":1,"minecraft:diorite":2,"cavesanddepths:lichenfungusplaceable":1,"minecraft:lapis_lazuli":40,"minecraft:string":2,"minecraft:arrow":1,"minecraft:bone":5,"minecraft:granite":4,"minecraft:bread":16,"minecraft:coal":54,"minecraft:cobblestone":42},"minecraft:used":{"minecraft:diorite":2,"minecraft:stone_sword":77,"minecraft:bread":3,"minecraft:stone_pickaxe":95,"vinery:noir_wine":4,"minecraft:wooden_pickaxe":10,"minecraft:torch":4,"minecraft:cobblestone":28,"minecraft:crafting_table":1,"minecraft:furnace":1,"minecraft:cooked_beef":1},"minecraft:custom":{"minecraft:time_since_rest":17125,"minecraft:interact_with_furnace":2,"minecraft:sprint_one_cm":131401,"minecraft:damage_taken":1692,"minecraft:walk_one_cm":102559,"minecraft:mob_kills":9,"minecraft:drop":9,"minecraft:damage_dealt":2071,"minecraft:interact_with_crafting_table":6,"minecraft:swim_one_cm":1748,"minecraft:fly_one_cm":262206,"minecraft:open_barrel":1,"minecraft:open_chest":8,"minecraft:crouch_one_cm":4188,"minecraft:play_time":66504,"minecraft:deaths":7,"minecraft:sneak_time":2285,"minecraft:walk_under_water_one_cm":4537,"minecraft:jump":633,"minecraft:damage_dealt_resisted":964,"minecraft:leave_game":2,"minecraft:time_since_death":17098,"minecraft:walk_on_water_one_cm":10266,"minecraft:total_world_time":66504,"minecraft:climb_one_cm":2100,"minecraft:fall_one_cm":74111},"minecraft:crafted":{"minecraft:cooked_beef":1,"minecraft:crafting_table":1,"minecraft:stick":12,"minecraft:wooden_pickaxe":2,"minecraft:stone_sword":1,"minecraft:stone_pickaxe":1,"minecraft:furnace":1,"minecraft:torch":20,"minecraft:birch_planks":16,"minecraft:air":0},"minecraft:killed_by":{"majruszsdifficulty:cursed_armor":1,"born_in_chaos_v1:corpse_fly":1,"irons_spellbooks:necromancer":1,"realmrpg_demons:chort":2,"minecraft:skeleton":1,"minecraft:creeper":1},"minecraft:killed":{"minecraft:skeleton":2,"irons_spellbooks:summoned_zombie":3,"born_in_chaos_v1:corpse_fly":3,"majruszsdifficulty:cursed_armor":1,"minecraft:creeper":1}},"DataVersion":3120}