{"stats":{"minecraft:crafted":{"minecraft:crafting_table":2,"minecraft:wooden_pickaxe":1,"minecraft:furnace":1,"minecraft:bucket":1,"minecraft:birch_planks":24,"minecraft:campfire":1,"minecraft:stone_axe":1,"minecraft:air":0,"minecraft:stick":12,"minecraft:iron_ingot":4,"minecraft:stone_pickaxe":1,"minecraft:stone_sword":1,"minecraft:torch":4},"minecraft:used":{"minecraft:water_bucket":2,"minecraft:stone_sword":101,"minecraft:birch_planks":1,"minecraft:stone_pickaxe":113,"minecraft:wooden_pickaxe":3,"minecraft:torch":1,"minecraft:anvil":1,"minecraft:crafting_table":3,"minecraft:campfire":1,"minecraft:iron_pickaxe":1,"minecraft:stone_axe":9,"minecraft:furnace":1,"minecraft:bucket":2},"minecraft:dropped":{"minecraft:rotten_flesh":2,"minecraft:dirt":1,"born_in_chaos_v1:monster_skin":1,"gravestone:obituary":16,"minecraft:bucket":2},"minecraft:killed":{"born_in_chaos_v1:zombie_clown":1,"minecraft:spider":1,"epicsamurai:onibi":1,"born_in_chaos_v1:maggot":4,"minecraft:zombie":6,"born_in_chaos_v1:dread_hound":1,"born_in_chaos_v1:corpse_fly":1,"born_in_chaos_v1:door_knight":1},"minecraft:mined":{"minecraft:crafting_table":1,"gravestone:gravestone":10,"minecraft:stone_slab":3,"minecraft:spruce_leaves":3,"minecraft:large_fern":1,"minecraft:coarse_dirt":1,"minecraft:birch_log":7,"minecraft:iron_ore":4,"minecraft:spruce_log":17,"minecraft:birch_leaves":4,"minecraft:anvil":1,"minecraft:grass":1,"minecraft:coal_ore":39,"minecraft:dirt":1,"minecraft:stone":70,"minecraft:oak_leaves":6,"minecraft:fern":1},"minecraft:picked_up":{"minecraft:birch_log":6,"born_in_chaos_v1:corpse_maggot":2,"minecraft:crafting_table":1,"born_in_chaos_v1:monster_flesh":1,"minecraft:anvil":1,"minecraft:stone_slab":3,"gravestone:obituary":6,"minecraft:string":1,"minecraft:dirt":1,"born_in_chaos_v1:intoxicating_decoction":2,"minecraft:bone":2,"minecraft:bucket":1,"minecraft:iron_ingot":1,"minecraft:birch_sapling":1,"minecraft:iron_boots":1,"minecraft:raw_iron":4,"minecraft:torch":1,"born_in_chaos_v1:pieceofdarkmetal":1,"minecraft:spruce_log":15,"minecraft:arrow":2,"minecraft:rotten_flesh":8,"minecraft:coal":39,"minecraft:cobblestone":70},"minecraft:custom":{"minecraft:interact_with_furnace":6,"minecraft:interact_with_anvil":1,"minecraft:mob_kills":16,"minecraft:interact_with_crafting_table":9,"minecraft:interact_with_campfire":1,"minecraft:damage_dealt_resisted":1034,"minecraft:leave_game":8,"minecraft:time_since_death":11661,"minecraft:sleep_in_bed":1,"minecraft:climb_one_cm":6528,"minecraft:time_since_rest":6602,"minecraft:sprint_one_cm":134385,"minecraft:damage_taken":3509,"minecraft:walk_one_cm":126443,"minecraft:drop":22,"minecraft:damage_dealt":3013,"minecraft:swim_one_cm":1810,"minecraft:fly_one_cm":141832,"minecraft:open_chest":7,"minecraft:crouch_one_cm":3148,"minecraft:play_time":99295,"minecraft:deaths":12,"minecraft:sneak_time":1609,"minecraft:walk_under_water_one_cm":332,"minecraft:jump":633,"minecraft:walk_on_water_one_cm":806,"minecraft:total_world_time":99295,"minecraft:fall_one_cm":21622,"minecraft:inspect_dispenser":2}},"DataVersion":3465}