{"stats":{"minecraft:custom":{"minecraft:mob_kills":66,"minecraft:interact_with_crafting_table":10,"minecraft:open_barrel":37,"minecraft:bell_ring":13,"minecraft:leave_game":5,"minecraft:time_since_death":40564,"minecraft:sleep_in_bed":4,"minecraft:climb_one_cm":10295,"minecraft:time_since_rest":17592,"minecraft:damage_absorbed":79,"minecraft:sprint_one_cm":194504,"minecraft:damage_taken":4564,"minecraft:walk_one_cm":239842,"minecraft:drop":23,"minecraft:damage_dealt":10832,"minecraft:player_kills":4,"minecraft:fly_one_cm":155640,"minecraft:open_chest":57,"minecraft:crouch_one_cm":2428,"minecraft:play_time":98880,"minecraft:deaths":10,"minecraft:sneak_time":1621,"minecraft:walk_under_water_one_cm":423,"minecraft:jump":874,"minecraft:walk_on_water_one_cm":1920,"minecraft:total_world_time":98880,"minecraft:fall_one_cm":21064},"minecraft:crafted":{"minecraft:birch_planks":4,"minecraft:iron_chestplate":1,"minecraft:golden_apple":2,"minecraft:stick":13,"minecraft:iron_pickaxe":2,"minecraft:iron_leggings":1,"minecraft:gold_ingot":18,"minecraft:torch":48},"minecraft:picked_up":{"minecraft:birch_log":1,"born_in_chaos_v1:corpse_maggot":9,"minecraft:iron_chestplate":3,"minecraft:coarse_dirt":2,"minecraft:allium":7,"minecraft:ladder":1,"born_in_chaos_v1:river_mint":2,"majruszsdifficulty:tattered_helmet":2,"minecraft:enchanted_book":1,"minecraft:flint":2,"minecraft:stone_brick_stairs":2,"gravestone:obituary":3,"minecraft:chain":1,"minecraft:shield":1,"minecraft:map":2,"minecraft:dirt":17,"minecraft:string":16,"minecraft:name_tag":8,"minecraft:iron_leggings":2,"irons_spellbooks:common_ink":1,"minecraft:bone":27,"minecraft:experience_bottle":5,"minecraft:apple":62,"minecraft:stone_bricks":1,"irons_spellbooks:arcane_essence":3,"minecraft:wheat_seeds":14,"improvableskills:scroll_normal":1,"bosses_of_mass_destruction:soul_star":1,"minecraft:spruce_planks":2,"minecraft:iron_ingot":6,"minecraft:cobweb":3,"minecraft:spruce_slab":2,"minecraft:iron_nugget":4,"minecraft:iron_pickaxe":1,"minecraft:diamond_helmet":3,"minecraft:iron_boots":3,"minecraft:book":9,"minecraft:golden_helmet":1,"minecraft:raw_iron":2,"minecraft:stone":2,"minecraft:pumpkin":18,"minecraft:music_disc_13":1,"minecraft:sweet_berries":10,"minecraft:torch":23,"minecraft:dandelion":2,"minecraft:spruce_stairs":2,"minecraft:white_bed":1,"minecraft:carrot":2,"alexsmobs:animal_dictionary":1,"minecraft:spider_eye":4,"minecraft:leather_helmet":1,"minecraft:stone_sword":2,"minecraft:arrow":24,"minecraft:rotten_flesh":37,"minecraft:cooked_cod":5,"minecraft:diamond":2,"minecraft:stone_axe":1,"farmersdelight:onion":6,"minecraft:writable_book":5,"minecraft:diamond_axe":3,"minecraft:crossbow":3,"minecraft:gold_ingot":2,"minecraft:emerald":2,"irons_spellbooks:uncommon_ink":1,"minecraft:stripped_dark_oak_log":3,"minecraft:iron_bars":4,"minecraft:coal":4,"minecraft:white_wool":5,"minecraft:cobblestone":1},"minecraft:mined":{"minecraft:podzol":3,"minecraft:spruce_planks":1,"minecraft:white_bed":1,"minecraft:stripped_dark_oak_log":3,"minecraft:dandelion":1,"minecraft:torch":1,"gravestone:gravestone":1,"minecraft:allium":1,"minecraft:grass_block":3,"minecraft:cobblestone":1,"minecraft:tall_grass":54,"minecraft:wall_torch":5,"minecraft:spawner":2,"minecraft:spruce_stairs":1,"farmersdelight:wild_onions":3,"minecraft:coarse_dirt":2,"minecraft:birch_log":1,"born_in_chaos_v1:river_mint":2,"minecraft:pumpkin":9,"minecraft:stone_brick_stairs":2,"minecraft:grass":86,"minecraft:vine":3,"minecraft:iron_bars":2,"minecraft:dirt":12,"minecraft:spruce_slab":1},"minecraft:used":{"minecraft:writable_book":1,"minecraft:stone_sword":13,"minecraft:ladder":1,"minecraft:diamond_axe":164,"minecraft:white_wool":3,"minecraft:iron_chestplate":2,"minecraft:torch":28,"minecraft:golden_apple":3,"minecraft:dirt":6,"minecraft:stripped_dark_oak_log":1,"minecraft:crossbow":3,"minecraft:allium":7,"majruszsdifficulty:tattered_helmet":1,"minecraft:diamond_helmet":1,"minecraft:white_bed":1,"minecraft:apple":28,"minecraft:bread":4,"minecraft:iron_pickaxe":10,"minecraft:iron_boots":1,"minecraft:golden_carrot":1,"minecraft:sweet_berries":1,"minecraft:cooked_porkchop":2,"minecraft:cooked_cod":5,"minecraft:cooked_beef":1,"minecraft:iron_leggings":1},"minecraft:dropped":{"minecraft:enchanted_book":1,"minecraft:bread":8,"minecraft:stone_axe":1,"minecraft:wheat_seeds":4,"minecraft:diamond_axe":1,"minecraft:stone_sword":2,"minecraft:iron_boots":1,"minecraft:spruce_stairs":1,"minecraft:spruce_planks":1,"gravestone:obituary":6,"minecraft:spruce_slab":1,"minecraft:wooden_pickaxe":1,"minecraft:white_wool":3},"minecraft:killed":{"hordes:zombie_player":8,"minecraft:spider":6,"born_in_chaos_v1:maggot":15,"minecraft:skeleton":13,"minecraft:zombie":24},"minecraft:killed_by":{"minecraft:player":2,"endermanoverhaul:cave_enderman":1,"minecraft:zombie":4}},"DataVersion":3120}