{"stats":{"minecraft:dropped":{"minecraft:cooked_beef":2,"minecraft:crossbow":1,"minecraft:flint":7,"minecraft:dirt":24,"gravestone:obituary":29,"minecraft:gold_nugget":6,"minecraft:gold_ingot":16,"minecraft:cobbled_deepslate":10,"minecraft:rotten_flesh":101,"minecraft:tipped_arrow":2,"minecraft:beetroot_seeds":1,"born_in_chaos_v1:corpse_maggot":12,"improvableskills:scroll_normal":1,"minecraft:arrow":25,"minecraft:wheat_seeds":30,"minecraft:lilac":3,"minecraft:mossy_cobblestone":1,"minecraft:cobblestone":74,"minecraft:apple":1,"minecraft:granite":6,"minecraft:acacia_log":3,"minecraft:ink_sac":1,"iceandfire:silver_sword":1,"minecraft:iron_leggings":1,"minecraft:dead_bush":1,"minecraft:string":1,"irons_spellbooks:frozen_bone":1,"create:raw_zinc":13,"alexsmobs:maggot":1,"born_in_chaos_v1:rotten_fish":1,"farmersdelight:cabbage_seeds":8,"minecraft:iron_hoe":1,"minecraft:stone_slab":2,"improvableskills:skills_book":1,"minecraft:acacia_leaves":6,"minecraft:filled_map":1,"minecraft:flower_pot":1,"minecraft:iron_chestplate":1,"minecraft:andesite":5,"artifacts:steadfast_spikes":1},"minecraft:custom":{"minecraft:interact_with_crafting_table":34,"minecraft:open_barrel":49,"minecraft:eat_cake_slice":5,"minecraft:leave_game":6,"minecraft:time_since_death":6314,"minecraft:sprint_one_cm":530512,"minecraft:drop":133,"minecraft:talked_to_villager":3,"minecraft:play_time":343205,"minecraft:deaths":29,"minecraft:jump":4364,"minecraft:walk_on_water_one_cm":53325,"minecraft:interact_with_furnace":19,"minecraft:sleep_in_bed":4,"minecraft:damage_dealt":37557,"minecraft:crouch_one_cm":24723,"minecraft:interact_with_smoker":3,"minecraft:mob_kills":335,"minecraft:damage_dealt_resisted":1073,"minecraft:climb_one_cm":9442,"minecraft:walk_one_cm":602673,"minecraft:sneak_time":9996,"minecraft:walk_under_water_one_cm":34558,"minecraft:interact_with_blast_furnace":12,"minecraft:total_world_time":343205,"minecraft:time_since_rest":6368,"minecraft:damage_taken":16549,"minecraft:damage_absorbed":118,"minecraft:trigger_trapped_chest":3,"minecraft:swim_one_cm":113466,"minecraft:fly_one_cm":767049,"minecraft:open_chest":110,"minecraft:fall_one_cm":147439},"minecraft:killed":{"minecraft:spider":4,"born_in_chaos_v1:baby_skeleton_minion":1,"minecraft:skeleton":22,"minecraft:chicken":1,"hordes:husk_player":1,"born_in_chaos_v1:bonescaller":1,"minecraft:zombie_villager":6,"majruszsdifficulty:tank":1,"irons_spellbooks:necromancer":1,"minecraft:pillager":2,"minecraft:zombie":177,"born_in_chaos_v1:corpse_fly":1,"minecraft:stray":7,"alexsmobs:fly":1,"minecraft:cow":2,"hordes:zombie_player":1,"minecraft:vindicator":1,"born_in_chaos_v1:zombie_bruiser":2,"born_in_chaos_v1:maggot":60,"minecraft:drowned":1,"born_in_chaos_v1:barrel_zombie":1,"born_in_chaos_v1:fallen_chaos_knight":1,"minecraft:husk":6,"majruszsdifficulty:cursed_armor":1,"born_in_chaos_v1:decrepit_skeleton":1},"minecraft:killed_by":{"minecraft:zombie_villager":2,"minecraft:creeper":2,"born_in_chaos_v1:supreme_bonescaller":2,"minecraft:vindicator":1,"minecraft:zombie":3,"iceandfire:fire_dragon":3,"minecraft:player":2,"minecraft:skeleton":4,"iceandfire:ghost":4,"born_in_chaos_v1:maggot":1},"minecraft:mined":{"minecraft:sculk_vein":1,"minecraft:granite":19,"minecraft:potted_dead_bush":2,"minecraft:acacia_log":8,"minecraft:deepslate_tile_wall":1,"minecraft:grass_block":21,"minecraft:oxeye_daisy":2,"minecraft:spawner":2,"minecraft:chiseled_stone_bricks":1,"minecraft:mossy_cobblestone_stairs":1,"minecraft:iron_ore":94,"minecraft:cobbled_deepslate":1,"minecraft:fire":7,"minecraft:pumpkin":25,"minecraft:brown_bed":1,"minecraft:orange_bed":1,"minecraft:torch":8,"minecraft:cobblestone":11,"minecraft:wall_torch":12,"vinery:white_grape_bush":5,"farmersdelight:sandy_shrub":3,"minecraft:wheat":13,"minecraft:grass":86,"minecraft:oak_log":2,"minecraft:sand":24,"minecraft:dirt":22,"minecraft:deepslate":27,"create:zinc_ore":25,"minecraft:deepslate_tiles":1,"iceandfire:silver_ore":34,"minecraft:deepslate_diamond_ore":2,"minecraft:dark_oak_log":2,"gravestone:gravestone":19,"iceandfire:deepslate_silver_ore":4,"farmersdelight:wild_cabbages":12,"minecraft:hay_block":8,"minecraft:furnace":1,"minecraft:carrots":3,"minecraft:andesite":14,"minecraft:stripped_spruce_log":1,"minecraft:peony":2,"minecraft:potatoes":16,"farmersdelight:rope":11,"minecraft:deepslate_iron_ore":8,"iceandfire:frost_lily":1,"minecraft:stone":398,"minecraft:acacia_leaves":2,"minecraft:crafting_table":1,"minecraft:rose_bush":2,"minecraft:tall_grass":21,"minecraft:copper_ore":60,"minecraft:lapis_ore":4,"minecraft:deepslate_gold_ore":5,"minecraft:diorite":43,"minecraft:birch_leaves":1,"minecraft:coal_ore":44,"minecraft:gravel":3,"minecraft:cracked_stone_bricks":2,"minecraft:stone_bricks":3,"minecraft:fern":6},"minecraft:crafted":{"minecraft:oak_planks":40,"iceandfire:armor_silver_metal_chestplate":1,"improvableskills:skills_book":1,"minecraft:chest":2,"vinery:grapevine_stem":4,"minecraft:crafting_table":7,"minecraft:spruce_planks":4,"farmersdelight:iron_knife":1,"minecraft:wooden_pickaxe":1,"minecraft:baked_potato":34,"minecraft:birch_planks":8,"farmersdelight:cutting_board":1,"minecraft:book":1,"minecraft:iron_chestplate":1,"minecraft:paper":6,"minecraft:stick":44,"minecraft:iron_ingot":31,"minecraft:iron_pickaxe":3,"iceandfire:silver_sword":2,"minecraft:furnace":2,"minecraft:raw_copper_block":20,"minecraft:stone_pickaxe":1,"minecraft:dark_oak_planks":8,"minecraft:wheat":63,"minecraft:cooked_beef":8,"iceandfire:silver_ingot":15,"minecraft:cooked_salmon":9,"minecraft:bucket":1,"minecraft:bread":29,"minecraft:air":0,"iceandfire:armor_silver_metal_helmet":1,"minecraft:golden_apple":2,"minecraft:iron_shovel":1,"minecraft:iron_leggings":1,"minecraft:acacia_planks":20,"minecraft:torch":52},"minecraft:used":{"minecraft:peony":1,"minecraft:writable_book":1,"minecraft:iron_shovel":36,"farmersdelight:cabbage_seeds":3,"minecraft:chest":2,"farmersdelight:cabbage":4,"vinery:white_grape":10,"minecraft:carrot":19,"minecraft:stone_bricks":2,"farmersdelight:cutting_board":1,"minecraft:furnace":3,"minecraft:potato":33,"vinery:white_grape_seeds":6,"minecraft:golden_boots":1,"travelersbackpack:spider":1,"minecraft:diorite":16,"minecraft:stone_pickaxe":107,"minecraft:oak_planks":5,"minecraft:wooden_pickaxe":13,"farmersdelight:pumpkin_slice":40,"minecraft:golden_apple":3,"minecraft:golden_hoe":37,"minecraft:firework_rocket":1,"minecraft:melon_slice":5,"minecraft:bread":70,"create:andesite_casing":1,"minecraft:gravel":1,"minecraft:diamond_sword":17,"minecraft:birch_log":4,"iceandfire:silver_sword":648,"minecraft:cooked_salmon":12,"minecraft:orange_bed":2,"minecraft:torch":63,"minecraft:dirt":25,"minecraft:granite":2,"farmersdelight:rope":17,"vinery:grapevine_stem":3,"minecraft:cooked_beef":6,"minecraft:brown_bed":1,"minecraft:water_bucket":6,"minecraft:birch_planks":6,"minecraft:baked_potato":34,"minecraft:cracked_stone_bricks":2,"minecraft:crafting_table":8,"minecraft:cake":1,"minecraft:diamond_pickaxe":158,"minecraft:apple":49,"majruszsdifficulty:undead_army_treasure_bag":2,"minecraft:iron_pickaxe":614,"minecraft:chiseled_stone_bricks":1,"minecraft:cobblestone":129,"majruszsdifficulty:bandage":2,"minecraft:bucket":8,"minecraft:pumpkin_pie":10},"minecraft:picked_up":{"irons_spellbooks:scroll":6,"minecraft:wheat":18,"minecraft:flower_pot":1,"irons_spellbooks:affinity_ring":2,"minecraft:stone_slab":2,"minecraft:diamond_sword":1,"minecraft:brown_bed":1,"minecraft:potion":4,"minecraft:enchanted_book":4,"travelersbackpack:spider":3,"minecraft:music_disc_cat":1,"iceandfire:armor_silver_metal_chestplate":3,"iceandfire:manuscript":2,"minecraft:string":3,"minecraft:raw_copper":202,"minecraft:cooked_salmon":3,"minecraft:iron_leggings":6,"minecraft:pufferfish":1,"minecraft:zombie_head":1,"irons_spellbooks:arcane_essence":30,"minecraft:deepslate_tiles":1,"minecraft:gold_nugget":6,"minecraft:cobbled_deepslate":13,"bosses_of_mass_destruction:soul_star":4,"farmersdelight:cabbage":4,"iceandfire:frost_lily":1,"minecraft:rose_bush":2,"minecraft:iron_pickaxe":4,"minecraft:enchanted_golden_apple":2,"minecraft:deepslate_tile_wall":1,"farmersdelight:cabbage_seeds":22,"minecraft:furnace":1,"minecraft:tipped_arrow":4,"minecraft:stick":15,"minecraft:torch":74,"minecraft:acacia_log":15,"create:andesite_casing":1,"iceandfire:silver_ore":35,"minecraft:diorite":39,"minecraft:orange_bed":3,"minecraft:rotten_flesh":428,"farmersdelight:rope":28,"majruszsdifficulty:undead_army_treasure_bag":1,"minecraft:cobblestone":603,"minecraft:birch_log":17,"minecraft:cooked_beef":2,"minecraft:lilac":3,"minecraft:feather":1,"minecraft:water_bucket":1,"minecraft:andesite":18,"minecraft:acacia_leaves":6,"minecraft:potato":90,"minecraft:flint":7,"create:raw_zinc":71,"irons_spellbooks:ruined_book":1,"minecraft:lapis_lazuli":52,"minecraft:dirt":72,"minecraft:name_tag":7,"minecraft:leather_boots":1,"minecraft:bone":144,"farmersdelight:iron_knife":1,"minecraft:acacia_planks":2,"minecraft:bow":1,"minecraft:wheat_seeds":165,"minecraft:raw_gold":9,"farmersdelight:pumpkin_slice":40,"irons_spellbooks:frozen_bone":21,"minecraft:poisonous_potato":1,"vinery:white_grape":23,"minecraft:sand":24,"minecraft:stripped_spruce_log":1,"minecraft:ink_sac":3,"minecraft:dead_bush":5,"minecraft:grass_block":2,"alexsmobs:animal_dictionary":1,"minecraft:dark_oak_log":6,"minecraft:mossy_cobblestone":1,"majruszsdifficulty:undead_battle_standard":1,"minecraft:diamond":5,"minecraft:crossbow":1,"minecraft:granite":9,"minecraft:golden_apple":1,"minecraft:bread":46,"minecraft:emerald":8,"alexsmobs:maggot":1,"born_in_chaos_v1:rotten_fish":1,"irons_spellbooks:uncommon_ink":1,"minecraft:diamond_pickaxe":1,"majruszsdifficulty:tattered_boots":1,"minecraft:crafting_table":1,"minecraft:chicken":1,"born_in_chaos_v1:seedof_chaos":2,"irons_spellbooks:tarnished_helmet":1,"minecraft:leather_leggings":1,"minecraft:wooden_pickaxe":1,"gravestone:obituary":9,"minecraft:iron_shovel":5,"minecraft:cracked_stone_bricks":2,"improvableskills:scroll_normal":4,"minecraft:beef":5,"minecraft:sugar_cane":13,"minecraft:raw_iron":141,"farmersdelight:tomato_seeds":3,"born_in_chaos_v1:pieceofdarkmetal":10,"minecraft:carrot":22,"iceandfire:silver_ingot":1,"minecraft:arrow":50,"minecraft:peony":1,"minecraft:beetroot_seeds":1,"minecraft:pumpkin_pie":6,"minecraft:golden_hoe":1,"vinery:white_grape_seeds":11,"minecraft:hay_block":14,"majruszsdifficulty:soul_jar":2,"minecraft:gold_ingot":18,"iceandfire:deepslate_silver_ore":8,"minecraft:oxeye_daisy":2,"born_in_chaos_v1:corpse_maggot":69,"minecraft:glow_ink_sac":5,"minecraft:salmon":3,"minecraft:leather":5,"majruszsdifficulty:tattered_helmet":2,"majruszsdifficulty:cloth":2,"minecraft:filled_map":2,"minecraft:oak_log":24,"iceandfire:ectoplasm":6,"minecraft:golden_boots":2,"minecraft:gunpowder":6,"minecraft:paper":21,"irons_spellbooks:common_ink":1,"minecraft:apple":54,"minecraft:stone_bricks":2,"majruszsdifficulty:tattered_leggings":3,"iceandfire:armor_silver_metal_helmet":3,"minecraft:iron_ingot":6,"minecraft:stone_pickaxe":1,"artifacts:steadfast_spikes":4,"minecraft:book":1,"minecraft:oak_slab":2,"minecraft:chiseled_stone_bricks":1,"minecraft:pumpkin":22,"minecraft:gravel":1,"minecraft:amethyst_shard":15,"travelersbackpack:standard":3,"iceandfire:silver_sword":5,"minecraft:mossy_cobblestone_stairs":1,"majruszsdifficulty:tattered_chestplate":5,"minecraft:coal":77,"minecraft:ender_pearl":2},"minecraft:broken":{"minecraft:golden_boots":1,"majruszsdifficulty:tattered_boots":1,"iceandfire:silver_sword":1,"iceandfire:armor_silver_metal_chestplate":1,"iceandfire:armor_silver_metal_helmet":1,"majruszsdifficulty:tattered_helmet":2,"minecraft:iron_pickaxe":2}},"DataVersion":3120}