{"stats":{"minecraft:mined":{"minecraft:red_carpet":2,"minecraft:tuff":2,"minecraft:spruce_planks":1,"minecraft:cobblestone_stairs":1,"minecraft:dark_oak_log":1,"gravestone:gravestone":18,"minecraft:grass_block":1,"minecraft:spruce_leaves":3,"minecraft:moss_block":1,"minecraft:spawner":2,"minecraft:large_fern":1,"minecraft:hay_block":7,"minecraft:fire":2,"minecraft:iron_ore":4,"minecraft:barrel":1,"minecraft:snow":7,"minecraft:andesite":1,"minecraft:stripped_spruce_log":1,"minecraft:moss_carpet":2,"minecraft:anvil":1,"minecraft:bookshelf":5,"minecraft:cobblestone_slab":2,"amendments:wall_lantern":1,"minecraft:lantern":4,"crittersandcompanions:silk_cocoon":1,"farmersdelight:rice_panicles":45,"minecraft:stone":71,"minecraft:crafting_table":1,"minecraft:torch":1,"minecraft:stone_slab":3,"minecraft:cobblestone":9,"minecraft:wall_torch":1,"farmersdelight:wild_beetroots":1,"minecraft:coarse_dirt":1,"minecraft:dark_oak_slab":1,"minecraft:stripped_spruce_wood":1,"minecraft:birch_log":7,"minecraft:spruce_log":17,"minecraft:birch_leaves":4,"minecraft:grass":1,"minecraft:coal_ore":39,"minecraft:dirt":3,"minecraft:stone_bricks":2,"minecraft:oak_leaves":6,"minecraft:fern":1},"minecraft:custom":{"minecraft:interact_with_smithing_table":1,"minecraft:interact_with_anvil":2,"minecraft:mob_kills":89,"minecraft:interact_with_crafting_table":17,"minecraft:open_barrel":29,"minecraft:interact_with_campfire":1,"minecraft:damage_dealt_resisted":3927,"minecraft:leave_game":16,"minecraft:time_since_death":34983,"minecraft:climb_one_cm":24864,"minecraft:sprint_one_cm":451148,"minecraft:walk_one_cm":344799,"minecraft:drop":117,"minecraft:talked_to_villager":1,"minecraft:play_time":230007,"minecraft:sneak_time":3249,"minecraft:deaths":20,"minecraft:walk_under_water_one_cm":843,"minecraft:jump":1986,"minecraft:enchant_item":1,"minecraft:walk_on_water_one_cm":3380,"minecraft:total_world_time":230007,"minecraft:interact_with_furnace":7,"minecraft:sleep_in_bed":6,"minecraft:time_since_rest":6080,"minecraft:waystone_activated":1,"minecraft:damage_taken":10555,"minecraft:damage_absorbed":90,"minecraft:damage_dealt":15262,"minecraft:swim_one_cm":7138,"minecraft:fly_one_cm":474203,"minecraft:open_chest":62,"minecraft:crouch_one_cm":5831,"minecraft:use_cauldron":1,"minecraft:fall_one_cm":60190,"minecraft:inspect_dispenser":2},"minecraft:broken":{"minecraft:golden_leggings":1,"epicsamurai:gold_ninja_boots":1},"minecraft:crafted":{"minecraft:cherry_planks":8,"minecraft:oak_planks":16,"minecraft:dark_oak_boat":2,"minecraft:furnace":1,"minecraft:bookshelf":5,"minecraft:flint_and_steel":1,"minecraft:stone_pickaxe":1,"farmersdelight:rice":44,"simplytools:diamond_excavator_head":1,"minecraft:dark_oak_planks":16,"minecraft:crafting_table":3,"minecraft:spruce_planks":4,"minecraft:wooden_pickaxe":1,"minecraft:bucket":1,"minecraft:birch_planks":24,"minecraft:campfire":1,"minecraft:stone_axe":1,"minecraft:air":0,"simplyswords:diamond_katana":1,"simplytools:diamond_excavator":1,"minecraft:stick":20,"minecraft:iron_ingot":4,"minecraft:stone_sword":1,"minecraft:acacia_planks":8,"minecraft:torch":4},"minecraft:picked_up":{"irons_spellbooks:scroll":2,"minecraft:crafting_table":1,"minecraft:iron_chestplate":1,"minecraft:anvil":1,"born_in_chaos_v1:seedof_chaos":2,"irons_spellbooks:affinity_ring":7,"minecraft:stone_slab":3,"farmersdelight:rice_panicle":44,"gravestone:obituary":14,"crittersandcompanions:grappling_hook":1,"minecraft:string":1,"born_in_chaos_v1:intoxicating_decoction":2,"irons_spellbooks:arcane_essence":2,"minecraft:bucket":1,"born_in_chaos_v1:gnawed_bones":1,"minecraft:cobblestone_slab":2,"irons_spellbooks:emerald_stoneplate_ring":6,"minecraft:birch_sapling":1,"minecraft:iron_boots":1,"endermanoverhaul:snowy_hood":1,"minecraft:raw_iron":4,"born_in_chaos_v1:shattered_skull":1,"minecraft:torch":3,"born_in_chaos_v1:pieceofdarkmetal":2,"irons_spellbooks:evocation_rune":1,"minecraft:arrow":13,"artifacts:lucky_scarf":4,"minecraft:rotten_flesh":20,"minecraft:beetroot_seeds":3,"crittersandcompanions:silk":4,"minecraft:hay_block":7,"artifacts:pocket_piston":7,"minecraft:obsidian":4,"minecraft:snowball":15,"minecraft:cobblestone":75,"born_in_chaos_v1:fused_bone":4,"minecraft:birch_log":6,"born_in_chaos_v1:corpse_maggot":8,"born_in_chaos_v1:monster_flesh":3,"artifacts:digging_claws":7,"minecraft:andesite":1,"minecraft:tuff":2,"minecraft:gunpowder":1,"minecraft:cobblestone_stairs":1,"minecraft:dirt":2,"minecraft:lantern":5,"born_in_chaos_v1:monster_skin":1,"irons_spellbooks:iron_spell_book":7,"minecraft:red_carpet":1,"minecraft:bone":19,"minecraft:rabbit_hide":2,"minecraft:iron_ingot":1,"minecraft:book":15,"irons_spellbooks:legendary_ink":2,"born_in_chaos_v1:orbofthe_summoner":1,"minecraft:gravel":1,"minecraft:amethyst_shard":2,"minecraft:spruce_log":15,"epicsamurai:gold_ninja_helmet":1,"minecraft:dark_oak_log":1,"minecraft:spider_eye":2,"travelersbackpack:standard":7,"minecraft:slime_ball":2,"irons_spellbooks:magehunter":2,"artifacts:crystal_heart":7,"minecraft:iron_helmet":1,"minecraft:emerald":5,"alexsmobs:maggot":1,"born_in_chaos_v1:rotten_fish":2,"irons_spellbooks:uncommon_ink":1,"minecraft:coal":39,"minecraft:ender_pearl":1},"minecraft:used":{"minecraft:stone_sword":101,"minecraft:flint_and_steel":2,"minecraft:torch":2,"minecraft:dirt":1,"minecraft:anvil":1,"minecraft:snowball":2,"minecraft:bookshelf":5,"minecraft:lantern":5,"minecraft:iron_axe":6,"minecraft:dark_oak_boat":2,"minecraft:furnace":1,"minecraft:goat_horn":2,"farmersdelight:cooked_rice":60,"minecraft:water_bucket":4,"minecraft:birch_planks":1,"minecraft:stone_pickaxe":113,"minecraft:wooden_pickaxe":3,"minecraft:crafting_table":4,"minecraft:crossbow":55,"minecraft:campfire":1,"minecraft:diamond_pickaxe":2,"minecraft:dark_oak_log":1,"minecraft:bread":1,"minecraft:iron_pickaxe":20,"minecraft:stone_axe":9,"irons_spellbooks:magehunter":184,"travelersbackpack:standard":2,"minecraft:bucket":3,"minecraft:experience_bottle":15},"minecraft:killed":{"born_in_chaos_v1:zombie_clown":2,"born_in_chaos_v1:zombie_lumberjack":1,"born_in_chaos_v1:skeleton_demoman":1,"minecraft:spider":6,"minecraft:vindicator":3,"epicsamurai:onibi":1,"born_in_chaos_v1:siamese_skeletonsright":1,"born_in_chaos_v1:maggot":14,"minecraft:skeleton":1,"born_in_chaos_v1:supreme_bonescaller_stage_2":1,"irons_spellbooks:archevoker":1,"born_in_chaos_v1:bonescaller":1,"born_in_chaos_v1:bone_imp_minion":7,"born_in_chaos_v1:baby_skeleton":1,"endermanoverhaul:snowy_enderman":2,"epicsamurai:jorogumo":1,"born_in_chaos_v1:decrepit_skeleton":6,"minecraft:pillager":9,"born_in_chaos_v1:bloody_gadfly":1,"born_in_chaos_v1:zombie_fisherman":1,"minecraft:zombie":11,"born_in_chaos_v1:dread_hound":3,"born_in_chaos_v1:corpse_fly":3,"alexsmobs:fly":1,"born_in_chaos_v1:door_knight":3,"born_in_chaos_v1:siamese_skeletonsleft":1,"minecraft:enderman":2},"minecraft:dropped":{"minecraft:wheat_seeds":7,"minecraft:stick":2,"minecraft:red_carpet":1,"born_in_chaos_v1:monster_flesh":4,"irons_spellbooks:scroll":1,"minecraft:dirt":2,"born_in_chaos_v1:black_argillite":2,"born_in_chaos_v1:monster_skin":1,"minecraft:torch":1,"born_in_chaos_v1:fused_bone":4,"minecraft:snowball":2,"gravestone:obituary":34,"minecraft:iron_pickaxe":1,"minecraft:paper":11,"minecraft:bucket":3,"minecraft:bone":5,"minecraft:gravel":1,"minecraft:kelp":1,"alexsmobs:maggot":2,"minecraft:bowl":5,"minecraft:tuff":9,"minecraft:obsidian":4,"born_in_chaos_v1:rotten_fish":2,"minecraft:rotten_flesh":25,"irons_spellbooks:magehunter":1,"minecraft:spruce_fence":1,"epicsamurai:gold_ninja_helmet":2,"minecraft:chainmail_chestplate":2,"minecraft:beetroot_seeds":3,"born_in_chaos_v1:corpse_maggot":45,"minecraft:spider_eye":1,"minecraft:barrel":1,"minecraft:slime_ball":2,"minecraft:bow":2,"minecraft:arrow":2,"immersive_armors:wooden_helmet":1,"crittersandcompanions:grappling_hook":1}},"DataVersion":3465}