{"stats":{"minecraft:dropped":{"minecraft:wheat_seeds":28,"minecraft:cooked_beef":2,"minecraft:lilac":3,"minecraft:mossy_cobblestone":1,"minecraft:cobblestone":6,"minecraft:apple":1,"minecraft:granite":6,"minecraft:acacia_log":3,"minecraft:flint":7,"minecraft:dirt":23,"minecraft:ink_sac":1,"iceandfire:silver_sword":1,"minecraft:dead_bush":1,"minecraft:iron_leggings":1,"gravestone:obituary":17,"irons_spellbooks:frozen_bone":1,"create:raw_zinc":13,"minecraft:gold_ingot":16,"alexsmobs:maggot":1,"farmersdelight:cabbage_seeds":8,"minecraft:rotten_flesh":99,"minecraft:stone_slab":2,"improvableskills:skills_book":1,"minecraft:acacia_leaves":6,"minecraft:filled_map":1,"minecraft:tipped_arrow":2,"minecraft:flower_pot":1,"artifacts:steadfast_spikes":1,"minecraft:iron_chestplate":1,"minecraft:beetroot_seeds":1,"born_in_chaos_v1:corpse_maggot":12,"improvableskills:scroll_normal":1,"minecraft:arrow":24},"minecraft:custom":{"minecraft:mob_kills":320,"minecraft:interact_with_crafting_table":34,"minecraft:open_barrel":47,"minecraft:damage_dealt_resisted":961,"minecraft:eat_cake_slice":5,"minecraft:leave_game":6,"minecraft:time_since_death":609,"minecraft:climb_one_cm":8311,"minecraft:sprint_one_cm":404495,"minecraft:walk_one_cm":496879,"minecraft:drop":105,"minecraft:talked_to_villager":3,"minecraft:play_time":283205,"minecraft:deaths":20,"minecraft:sneak_time":5962,"minecraft:walk_under_water_one_cm":27062,"minecraft:jump":3023,"minecraft:interact_with_blast_furnace":12,"minecraft:walk_on_water_one_cm":47385,"minecraft:total_world_time":283205,"minecraft:interact_with_furnace":19,"minecraft:sleep_in_bed":4,"minecraft:time_since_rest":3508,"minecraft:damage_taken":12568,"minecraft:damage_absorbed":118,"minecraft:trigger_trapped_chest":3,"minecraft:damage_dealt":34288,"minecraft:fly_one_cm":562025,"minecraft:swim_one_cm":88253,"minecraft:open_chest":91,"minecraft:crouch_one_cm":8612,"minecraft:interact_with_smoker":3,"minecraft:fall_one_cm":77246},"minecraft:killed":{"hordes:zombie_player":1,"minecraft:spider":3,"born_in_chaos_v1:zombie_bruiser":2,"born_in_chaos_v1:maggot":59,"minecraft:skeleton":20,"minecraft:chicken":1,"minecraft:drowned":1,"hordes:husk_player":1,"born_in_chaos_v1:fallen_chaos_knight":1,"minecraft:husk":6,"minecraft:zombie_villager":6,"majruszsdifficulty:tank":1,"majruszsdifficulty:cursed_armor":1,"irons_spellbooks:necromancer":1,"born_in_chaos_v1:decrepit_skeleton":1,"minecraft:zombie":174,"born_in_chaos_v1:corpse_fly":1,"minecraft:stray":6,"alexsmobs:fly":1,"minecraft:cow":2},"minecraft:killed_by":{"minecraft:zombie_villager":1,"minecraft:player":2,"minecraft:creeper":1,"born_in_chaos_v1:supreme_bonescaller":2,"minecraft:skeleton":3,"minecraft:zombie":2,"iceandfire:ghost":4,"born_in_chaos_v1:maggot":1},"minecraft:crafted":{"minecraft:oak_planks":32,"minecraft:furnace":2,"minecraft:raw_copper_block":20,"iceandfire:armor_silver_metal_chestplate":1,"improvableskills:skills_book":1,"minecraft:stone_pickaxe":1,"minecraft:chest":2,"minecraft:dark_oak_planks":8,"minecraft:wheat":63,"minecraft:cooked_beef":8,"iceandfire:silver_ingot":15,"vinery:grapevine_stem":4,"minecraft:crafting_table":7,"farmersdelight:iron_knife":1,"minecraft:spruce_planks":4,"minecraft:wooden_pickaxe":1,"minecraft:baked_potato":34,"minecraft:cooked_salmon":9,"minecraft:bucket":1,"minecraft:birch_planks":8,"minecraft:air":0,"minecraft:bread":29,"farmersdelight:cutting_board":1,"iceandfire:armor_silver_metal_helmet":1,"minecraft:iron_chestplate":1,"minecraft:book":1,"minecraft:paper":6,"minecraft:golden_apple":2,"minecraft:stick":44,"minecraft:iron_ingot":31,"minecraft:iron_pickaxe":3,"minecraft:iron_shovel":1,"minecraft:iron_leggings":1,"minecraft:acacia_planks":20,"minecraft:torch":52,"iceandfire:silver_sword":2},"minecraft:used":{"minecraft:peony":1,"minecraft:writable_book":1,"iceandfire:silver_sword":636,"minecraft:iron_shovel":36,"farmersdelight:cabbage_seeds":3,"minecraft:chest":2,"farmersdelight:cabbage":4,"vinery:white_grape":9,"minecraft:cooked_salmon":12,"minecraft:orange_bed":2,"minecraft:torch":58,"minecraft:dirt":25,"minecraft:carrot":4,"minecraft:granite":2,"farmersdelight:rope":17,"vinery:grapevine_stem":3,"minecraft:stone_bricks":2,"farmersdelight:cutting_board":1,"minecraft:furnace":3,"minecraft:cooked_beef":6,"minecraft:potato":16,"vinery:white_grape_seeds":5,"minecraft:brown_bed":1,"minecraft:golden_boots":1,"travelersbackpack:spider":1,"minecraft:water_bucket":6,"minecraft:diorite":16,"minecraft:birch_planks":6,"minecraft:stone_pickaxe":107,"minecraft:baked_potato":11,"minecraft:wooden_pickaxe":13,"farmersdelight:pumpkin_slice":40,"minecraft:cracked_stone_bricks":2,"minecraft:golden_apple":3,"minecraft:golden_hoe":37,"minecraft:crafting_table":8,"minecraft:cake":1,"minecraft:apple":29,"minecraft:firework_rocket":1,"majruszsdifficulty:undead_army_treasure_bag":2,"minecraft:bread":70,"minecraft:iron_pickaxe":458,"minecraft:melon_slice":5,"create:andesite_casing":1,"minecraft:gravel":1,"minecraft:chiseled_stone_bricks":1,"minecraft:cobblestone":125,"minecraft:bucket":8,"minecraft:birch_log":4,"minecraft:pumpkin_pie":10},"minecraft:mined":{"create:zinc_ore":25,"iceandfire:silver_ore":22,"minecraft:deepslate_diamond_ore":2,"minecraft:dark_oak_log":2,"minecraft:potted_dead_bush":2,"gravestone:gravestone":13,"minecraft:granite":5,"minecraft:acacia_log":8,"minecraft:grass_block":19,"farmersdelight:wild_cabbages":12,"minecraft:oxeye_daisy":2,"minecraft:chiseled_stone_bricks":1,"minecraft:spawner":2,"minecraft:hay_block":8,"minecraft:furnace":1,"minecraft:mossy_cobblestone_stairs":1,"minecraft:iron_ore":43,"minecraft:fire":3,"minecraft:andesite":9,"minecraft:stripped_spruce_log":1,"minecraft:pumpkin":25,"minecraft:peony":2,"minecraft:brown_bed":1,"farmersdelight:rope":11,"iceandfire:frost_lily":1,"minecraft:stone":209,"minecraft:orange_bed":1,"minecraft:acacia_leaves":2,"minecraft:torch":7,"minecraft:crafting_table":1,"minecraft:rose_bush":2,"minecraft:cobblestone":11,"minecraft:copper_ore":59,"minecraft:tall_grass":20,"minecraft:diorite":43,"minecraft:wall_torch":10,"vinery:white_grape_bush":5,"farmersdelight:sandy_shrub":3,"minecraft:wheat":13,"minecraft:birch_leaves":1,"minecraft:grass":81,"minecraft:coal_ore":43,"minecraft:sand":24,"minecraft:gravel":1,"minecraft:dirt":22,"minecraft:cracked_stone_bricks":2,"minecraft:stone_bricks":3,"minecraft:deepslate":17,"minecraft:fern":6},"minecraft:picked_up":{"irons_spellbooks:scroll":3,"majruszsdifficulty:tattered_boots":1,"minecraft:crafting_table":1,"minecraft:wheat":18,"minecraft:chicken":1,"minecraft:flower_pot":1,"minecraft:leather_leggings":1,"irons_spellbooks:tarnished_helmet":1,"minecraft:stone_slab":2,"minecraft:wooden_pickaxe":1,"minecraft:brown_bed":1,"minecraft:enchanted_book":3,"gravestone:obituary":4,"travelersbackpack:spider":1,"iceandfire:armor_silver_metal_chestplate":3,"iceandfire:manuscript":2,"minecraft:raw_copper":194,"minecraft:string":2,"minecraft:cooked_salmon":3,"minecraft:iron_leggings":5,"minecraft:iron_shovel":5,"minecraft:cracked_stone_bricks":2,"irons_spellbooks:arcane_essence":8,"iceandfire:frost_lily":1,"minecraft:gold_nugget":6,"minecraft:cobbled_deepslate":1,"bosses_of_mass_destruction:soul_star":4,"farmersdelight:cabbage":4,"improvableskills:scroll_normal":4,"minecraft:beef":5,"minecraft:rose_bush":2,"minecraft:iron_pickaxe":3,"minecraft:enchanted_golden_apple":2,"minecraft:sugar_cane":13,"farmersdelight:cabbage_seeds":22,"minecraft:furnace":1,"minecraft:tipped_arrow":4,"minecraft:stick":15,"minecraft:raw_iron":51,"minecraft:torch":63,"minecraft:acacia_log":15,"create:andesite_casing":1,"iceandfire:silver_ore":24,"farmersdelight:tomato_seeds":3,"minecraft:carrot":7,"minecraft:diorite":39,"born_in_chaos_v1:pieceofdarkmetal":10,"minecraft:orange_bed":3,"iceandfire:silver_ingot":1,"minecraft:arrow":44,"minecraft:rotten_flesh":416,"minecraft:pumpkin_pie":6,"minecraft:beetroot_seeds":1,"minecraft:golden_hoe":1,"minecraft:peony":1,"vinery:white_grape_seeds":11,"minecraft:hay_block":14,"majruszsdifficulty:soul_jar":1,"farmersdelight:rope":28,"minecraft:gold_ingot":15,"majruszsdifficulty:undead_army_treasure_bag":1,"minecraft:cobblestone":340,"minecraft:oxeye_daisy":2,"minecraft:birch_log":17,"born_in_chaos_v1:corpse_maggot":69,"minecraft:feather":1,"minecraft:lilac":3,"minecraft:cooked_beef":2,"minecraft:andesite":13,"minecraft:water_bucket":1,"minecraft:salmon":3,"minecraft:acacia_leaves":6,"minecraft:leather":5,"majruszsdifficulty:tattered_helmet":2,"minecraft:potato":24,"majruszsdifficulty:cloth":2,"minecraft:filled_map":2,"minecraft:flint":7,"create:raw_zinc":71,"minecraft:oak_log":22,"iceandfire:ectoplasm":6,"minecraft:golden_boots":2,"minecraft:gunpowder":6,"minecraft:dirt":71,"minecraft:paper":21,"minecraft:name_tag":7,"minecraft:leather_boots":1,"minecraft:bone":135,"minecraft:acacia_planks":2,"farmersdelight:iron_knife":1,"minecraft:apple":23,"minecraft:stone_bricks":2,"minecraft:bow":1,"minecraft:wheat_seeds":162,"iceandfire:armor_silver_metal_helmet":3,"majruszsdifficulty:tattered_leggings":3,"minecraft:stone_pickaxe":1,"farmersdelight:pumpkin_slice":40,"minecraft:iron_ingot":6,"artifacts:steadfast_spikes":2,"minecraft:book":1,"minecraft:oak_slab":2,"irons_spellbooks:frozen_bone":18,"minecraft:pumpkin":22,"minecraft:chiseled_stone_bricks":1,"minecraft:gravel":1,"vinery:white_grape":22,"minecraft:sand":24,"minecraft:stripped_spruce_log":1,"minecraft:ink_sac":3,"minecraft:grass_block":2,"minecraft:dead_bush":5,"minecraft:dark_oak_log":6,"alexsmobs:animal_dictionary":1,"minecraft:mossy_cobblestone":1,"travelersbackpack:standard":3,"majruszsdifficulty:undead_battle_standard":1,"minecraft:diamond":4,"iceandfire:silver_sword":4,"minecraft:granite":9,"minecraft:golden_apple":1,"minecraft:mossy_cobblestone_stairs":1,"minecraft:emerald":6,"minecraft:bread":46,"alexsmobs:maggot":1,"minecraft:coal":71,"majruszsdifficulty:tattered_chestplate":5,"minecraft:ender_pearl":2},"minecraft:broken":{"minecraft:golden_boots":1,"iceandfire:silver_sword":1,"iceandfire:armor_silver_metal_helmet":1,"majruszsdifficulty:tattered_helmet":2,"minecraft:iron_pickaxe":1}},"DataVersion":3120}