{"stats":{"minecraft:dropped":{"minecraft:wheat_seeds":1,"minecraft:cooked_beef":2,"minecraft:cobblestone":6,"minecraft:granite":6,"minecraft:acacia_log":3,"minecraft:flint":7,"minecraft:ink_sac":1,"minecraft:iron_leggings":1,"gravestone:obituary":6,"create:raw_zinc":13,"minecraft:rotten_flesh":51,"minecraft:stone_slab":2,"minecraft:acacia_leaves":6,"minecraft:filled_map":1,"minecraft:flower_pot":1,"minecraft:iron_chestplate":1,"artifacts:steadfast_spikes":1,"born_in_chaos_v1:corpse_maggot":12},"minecraft:custom":{"minecraft:mob_kills":15,"minecraft:interact_with_crafting_table":19,"minecraft:open_barrel":44,"minecraft:damage_dealt_resisted":297,"minecraft:eat_cake_slice":5,"minecraft:leave_game":4,"minecraft:time_since_death":100248,"minecraft:climb_one_cm":3238,"minecraft:sprint_one_cm":219284,"minecraft:walk_one_cm":234580,"minecraft:drop":58,"minecraft:talked_to_villager":3,"minecraft:play_time":150703,"minecraft:deaths":6,"minecraft:sneak_time":4221,"minecraft:walk_under_water_one_cm":16698,"minecraft:jump":1679,"minecraft:interact_with_blast_furnace":12,"minecraft:walk_on_water_one_cm":32725,"minecraft:total_world_time":150703,"minecraft:interact_with_furnace":13,"minecraft:sleep_in_bed":3,"minecraft:time_since_rest":23393,"minecraft:damage_taken":5498,"minecraft:trigger_trapped_chest":1,"minecraft:damage_dealt":4376,"minecraft:swim_one_cm":65518,"minecraft:fly_one_cm":262578,"minecraft:open_chest":24,"minecraft:crouch_one_cm":7119,"minecraft:fall_one_cm":39188},"minecraft:killed":{"minecraft:spider":1,"born_in_chaos_v1:zombie_bruiser":1,"born_in_chaos_v1:maggot":3,"minecraft:skeleton":3,"hordes:husk_player":1,"minecraft:zombie_villager":1,"majruszsdifficulty:cursed_armor":1,"irons_spellbooks:necromancer":1,"minecraft:zombie":2,"born_in_chaos_v1:corpse_fly":1,"minecraft:cow":1},"minecraft:killed_by":{"minecraft:zombie_villager":1,"minecraft:zombie":1,"iceandfire:ghost":1},"minecraft:crafted":{"minecraft:furnace":2,"minecraft:raw_copper_block":20,"iceandfire:armor_silver_metal_chestplate":1,"minecraft:stone_pickaxe":1,"minecraft:dark_oak_planks":8,"minecraft:wheat":63,"minecraft:cooked_beef":8,"iceandfire:silver_ingot":15,"vinery:grapevine_stem":4,"minecraft:crafting_table":5,"minecraft:spruce_planks":4,"minecraft:wooden_pickaxe":1,"minecraft:cooked_salmon":9,"minecraft:bread":29,"minecraft:air":0,"iceandfire:armor_silver_metal_helmet":1,"minecraft:iron_chestplate":1,"minecraft:stick":24,"minecraft:iron_pickaxe":2,"minecraft:iron_ingot":25,"minecraft:iron_shovel":1,"minecraft:iron_leggings":1,"minecraft:acacia_planks":20,"minecraft:torch":44,"iceandfire:silver_sword":1},"minecraft:picked_up":{"minecraft:crafting_table":1,"minecraft:wheat":18,"minecraft:flower_pot":1,"irons_spellbooks:tarnished_helmet":1,"minecraft:stone_slab":2,"minecraft:wooden_pickaxe":1,"minecraft:brown_bed":1,"gravestone:obituary":1,"iceandfire:manuscript":2,"minecraft:raw_copper":187,"minecraft:cooked_salmon":3,"minecraft:iron_leggings":1,"minecraft:cracked_stone_bricks":2,"iceandfire:frost_lily":1,"minecraft:beef":2,"minecraft:sugar_cane":13,"minecraft:furnace":1,"minecraft:raw_iron":42,"minecraft:torch":27,"minecraft:acacia_log":15,"iceandfire:silver_ore":24,"minecraft:diorite":33,"minecraft:orange_bed":3,"minecraft:arrow":2,"minecraft:rotten_flesh":56,"minecraft:peony":1,"minecraft:hay_block":14,"minecraft:gold_ingot":5,"minecraft:cobblestone":214,"born_in_chaos_v1:corpse_maggot":14,"minecraft:andesite":13,"minecraft:acacia_leaves":6,"minecraft:leather":1,"minecraft:filled_map":2,"minecraft:flint":7,"create:raw_zinc":71,"iceandfire:ectoplasm":5,"minecraft:dirt":28,"minecraft:paper":21,"minecraft:bone":4,"minecraft:acacia_planks":1,"minecraft:apple":1,"minecraft:stone_bricks":2,"minecraft:wheat_seeds":113,"minecraft:iron_ingot":5,"minecraft:stone_pickaxe":1,"artifacts:steadfast_spikes":1,"minecraft:book":1,"minecraft:pumpkin":12,"minecraft:chiseled_stone_bricks":1,"minecraft:gravel":1,"vinery:white_grape":5,"minecraft:sand":24,"minecraft:stripped_spruce_log":1,"minecraft:ink_sac":3,"minecraft:dead_bush":1,"minecraft:grass_block":2,"minecraft:dark_oak_log":2,"alexsmobs:animal_dictionary":1,"minecraft:granite":7,"minecraft:bread":17,"minecraft:coal":69,"minecraft:ender_pearl":2},"minecraft:used":{"minecraft:peony":1,"minecraft:writable_book":1,"iceandfire:silver_sword":60,"minecraft:iron_shovel":27,"minecraft:cooked_salmon":12,"minecraft:orange_bed":2,"minecraft:torch":44,"minecraft:dirt":3,"minecraft:granite":2,"vinery:grapevine_stem":3,"minecraft:stone_bricks":2,"minecraft:furnace":2,"minecraft:cooked_beef":4,"minecraft:golden_boots":1,"minecraft:diorite":6,"minecraft:stone_pickaxe":107,"minecraft:wooden_pickaxe":13,"minecraft:cracked_stone_bricks":2,"minecraft:crafting_table":6,"minecraft:cake":1,"minecraft:firework_rocket":1,"minecraft:melon_slice":5,"minecraft:bread":48,"minecraft:iron_pickaxe":303,"minecraft:gravel":1,"minecraft:chiseled_stone_bricks":1,"minecraft:cobblestone":43,"minecraft:pumpkin_pie":4},"minecraft:mined":{"create:zinc_ore":25,"iceandfire:silver_ore":22,"minecraft:dark_oak_log":2,"minecraft:potted_dead_bush":2,"minecraft:granite":3,"gravestone:gravestone":4,"minecraft:acacia_log":8,"minecraft:grass_block":3,"minecraft:spawner":2,"minecraft:chiseled_stone_bricks":1,"minecraft:hay_block":8,"minecraft:furnace":1,"minecraft:iron_ore":34,"minecraft:fire":3,"minecraft:andesite":4,"minecraft:stripped_spruce_log":1,"minecraft:pumpkin":12,"minecraft:peony":1,"minecraft:brown_bed":1,"iceandfire:frost_lily":1,"minecraft:stone":132,"minecraft:orange_bed":1,"minecraft:acacia_leaves":2,"minecraft:crafting_table":1,"minecraft:torch":3,"minecraft:cobblestone":8,"minecraft:tall_grass":6,"minecraft:copper_ore":57,"minecraft:diorite":30,"minecraft:wall_torch":8,"minecraft:wheat":13,"minecraft:birch_leaves":1,"minecraft:grass":22,"minecraft:coal_ore":43,"minecraft:gravel":1,"minecraft:sand":24,"minecraft:dirt":13,"minecraft:cracked_stone_bricks":2,"minecraft:stone_bricks":3,"minecraft:fern":3},"minecraft:broken":{"minecraft:iron_pickaxe":1}},"DataVersion":3120}