{"stats":{"minecraft:killed":{"born_in_chaos_v1:zombie_clown":1,"born_in_chaos_v1:skeleton_demoman":1,"minecraft:spider":4,"minecraft:vindicator":3,"epicsamurai:onibi":1,"born_in_chaos_v1:siamese_skeletonsright":1,"born_in_chaos_v1:maggot":7,"minecraft:skeleton":1,"irons_spellbooks:archevoker":1,"born_in_chaos_v1:bonescaller":1,"endermanoverhaul:snowy_enderman":2,"born_in_chaos_v1:decrepit_skeleton":5,"minecraft:pillager":9,"born_in_chaos_v1:zombie_fisherman":1,"minecraft:zombie":9,"born_in_chaos_v1:dread_hound":1,"born_in_chaos_v1:corpse_fly":3,"alexsmobs:fly":1,"born_in_chaos_v1:door_knight":2,"born_in_chaos_v1:siamese_skeletonsleft":1,"minecraft:enderman":1},"minecraft:dropped":{"minecraft:red_carpet":1,"irons_spellbooks:scroll":1,"born_in_chaos_v1:monster_flesh":2,"minecraft:dirt":1,"born_in_chaos_v1:monster_skin":1,"minecraft:torch":1,"born_in_chaos_v1:fused_bone":4,"minecraft:snowball":2,"gravestone:obituary":25,"minecraft:iron_pickaxe":1,"minecraft:paper":11,"minecraft:bucket":3,"minecraft:gravel":1,"alexsmobs:maggot":1,"born_in_chaos_v1:rotten_fish":2,"minecraft:rotten_flesh":12,"irons_spellbooks:magehunter":1,"minecraft:beetroot_seeds":3,"born_in_chaos_v1:corpse_maggot":8,"minecraft:spider_eye":1,"minecraft:barrel":1,"minecraft:arrow":2},"minecraft:picked_up":{"irons_spellbooks:scroll":2,"minecraft:crafting_table":1,"minecraft:anvil":1,"irons_spellbooks:affinity_ring":6,"minecraft:stone_slab":3,"farmersdelight:rice_panicle":44,"gravestone:obituary":8,"minecraft:string":1,"born_in_chaos_v1:intoxicating_decoction":2,"irons_spellbooks:arcane_essence":2,"minecraft:bucket":1,"minecraft:cobblestone_slab":2,"irons_spellbooks:emerald_stoneplate_ring":5,"minecraft:birch_sapling":1,"minecraft:iron_boots":1,"endermanoverhaul:snowy_hood":1,"minecraft:raw_iron":4,"born_in_chaos_v1:shattered_skull":1,"minecraft:torch":3,"born_in_chaos_v1:pieceofdarkmetal":2,"irons_spellbooks:evocation_rune":1,"minecraft:arrow":13,"artifacts:lucky_scarf":3,"minecraft:rotten_flesh":18,"minecraft:beetroot_seeds":3,"minecraft:hay_block":7,"artifacts:pocket_piston":6,"minecraft:snowball":15,"minecraft:cobblestone":75,"born_in_chaos_v1:fused_bone":4,"minecraft:birch_log":6,"born_in_chaos_v1:corpse_maggot":6,"born_in_chaos_v1:monster_flesh":1,"artifacts:digging_claws":6,"minecraft:andesite":1,"minecraft:tuff":2,"minecraft:gunpowder":1,"minecraft:cobblestone_stairs":1,"minecraft:dirt":1,"minecraft:lantern":3,"minecraft:red_carpet":1,"irons_spellbooks:iron_spell_book":6,"minecraft:bone":14,"minecraft:iron_ingot":1,"irons_spellbooks:legendary_ink":2,"minecraft:gravel":1,"minecraft:amethyst_shard":2,"minecraft:spruce_log":15,"minecraft:dark_oak_log":1,"minecraft:spider_eye":2,"travelersbackpack:standard":6,"irons_spellbooks:magehunter":1,"artifacts:crystal_heart":6,"minecraft:emerald":5,"alexsmobs:maggot":1,"born_in_chaos_v1:rotten_fish":2,"irons_spellbooks:uncommon_ink":1,"minecraft:coal":39,"minecraft:ender_pearl":1},"minecraft:used":{"minecraft:stone_sword":101,"minecraft:torch":2,"minecraft:dirt":1,"minecraft:anvil":1,"minecraft:snowball":2,"minecraft:lantern":3,"minecraft:dark_oak_boat":2,"minecraft:goat_horn":1,"minecraft:furnace":1,"farmersdelight:cooked_rice":37,"minecraft:water_bucket":4,"minecraft:birch_planks":1,"minecraft:stone_pickaxe":113,"minecraft:wooden_pickaxe":3,"minecraft:crafting_table":4,"minecraft:crossbow":15,"minecraft:campfire":1,"minecraft:diamond_pickaxe":1,"minecraft:dark_oak_log":1,"minecraft:bread":1,"minecraft:iron_pickaxe":20,"minecraft:stone_axe":9,"irons_spellbooks:magehunter":126,"travelersbackpack:standard":2,"minecraft:bucket":3},"minecraft:crafted":{"minecraft:dark_oak_boat":2,"minecraft:furnace":1,"minecraft:stone_pickaxe":1,"farmersdelight:rice":44,"simplytools:diamond_excavator_head":1,"minecraft:dark_oak_planks":16,"minecraft:crafting_table":3,"minecraft:spruce_planks":4,"minecraft:wooden_pickaxe":1,"minecraft:bucket":1,"minecraft:birch_planks":24,"minecraft:campfire":1,"minecraft:stone_axe":1,"minecraft:air":0,"simplytools:diamond_excavator":1,"minecraft:stick":16,"minecraft:iron_ingot":4,"minecraft:stone_sword":1,"minecraft:torch":4},"minecraft:custom":{"minecraft:interact_with_anvil":1,"minecraft:mob_kills":59,"minecraft:interact_with_crafting_table":12,"minecraft:open_barrel":22,"minecraft:interact_with_campfire":1,"minecraft:damage_dealt_resisted":2316,"minecraft:leave_game":14,"minecraft:time_since_death":3106,"minecraft:climb_one_cm":15549,"minecraft:sprint_one_cm":369482,"minecraft:walk_one_cm":272005,"minecraft:drop":74,"minecraft:play_time":186568,"minecraft:sneak_time":2371,"minecraft:deaths":19,"minecraft:walk_under_water_one_cm":813,"minecraft:jump":1647,"minecraft:walk_on_water_one_cm":2896,"minecraft:total_world_time":186568,"minecraft:interact_with_furnace":7,"minecraft:sleep_in_bed":4,"minecraft:time_since_rest":3136,"minecraft:waystone_activated":1,"minecraft:damage_taken":8474,"minecraft:damage_absorbed":90,"minecraft:damage_dealt":11435,"minecraft:swim_one_cm":6862,"minecraft:fly_one_cm":397382,"minecraft:open_chest":17,"minecraft:crouch_one_cm":4826,"minecraft:use_cauldron":1,"minecraft:fall_one_cm":49799,"minecraft:inspect_dispenser":2},"minecraft:broken":{"minecraft:golden_leggings":1},"minecraft:mined":{"minecraft:red_carpet":2,"minecraft:tuff":2,"minecraft:spruce_planks":1,"minecraft:cobblestone_stairs":1,"minecraft:dark_oak_log":1,"gravestone:gravestone":17,"minecraft:grass_block":1,"minecraft:spruce_leaves":3,"minecraft:moss_block":1,"minecraft:spawner":1,"minecraft:hay_block":7,"minecraft:large_fern":1,"minecraft:iron_ore":4,"minecraft:barrel":1,"minecraft:snow":7,"minecraft:andesite":1,"minecraft:stripped_spruce_log":1,"minecraft:moss_carpet":2,"minecraft:anvil":1,"minecraft:cobblestone_slab":2,"amendments:wall_lantern":1,"minecraft:lantern":2,"farmersdelight:rice_panicles":45,"minecraft:stone":71,"minecraft:crafting_table":1,"minecraft:torch":1,"minecraft:stone_slab":3,"minecraft:cobblestone":9,"minecraft:wall_torch":1,"farmersdelight:wild_beetroots":1,"minecraft:coarse_dirt":1,"minecraft:dark_oak_slab":1,"minecraft:stripped_spruce_wood":1,"minecraft:birch_log":7,"minecraft:spruce_log":17,"minecraft:birch_leaves":4,"minecraft:grass":1,"minecraft:coal_ore":39,"minecraft:dirt":3,"minecraft:stone_bricks":2,"minecraft:oak_leaves":6,"minecraft:fern":1}},"DataVersion":3465}