{"stats":{"minecraft:picked_up":{"irons_spellbooks:scroll":3,"minecraft:seagrass":12,"born_in_chaos_v1:charmof_stealth":1,"minecraft:iron_chestplate":5,"minecraft:wheat":21,"minecraft:chainmail_boots":1,"minecraft:prismarine_shard":8,"minecraft:lead":9,"minecraft:stone_slab":2,"farmersdelight:rice_panicle":35,"minecraft:turtle_egg":1,"minecraft:potion":1,"minecraft:amethyst_block":4,"born_in_chaos_v1:black_argillite":13,"minecraft:string":27,"minecraft:iron_leggings":4,"minecraft:pufferfish":1,"minecraft:experience_bottle":1,"minecraft:shroomlight":2,"minecraft:sea_pickle":1,"irons_spellbooks:arcane_essence":7,"minecraft:diamond_leggings":1,"minecraft:cobbled_deepslate":985,"bosses_of_mass_destruction:soul_star":1,"minecraft:bucket":1,"minecraft:spruce_planks":27,"minecraft:calcite":2,"minecraft:iron_pickaxe":2,"delightful:green_tea_leaf":1,"minecraft:stick":8,"born_in_chaos_v1:shattered_skull":2,"born_in_chaos_v1:phantom_powder":5,"minecraft:torch":61,"minecraft:acacia_log":6,"minecraft:cherry_log":4,"born_in_chaos_v1:nightmare_claw":3,"alexsmobs:centipede_leg":2,"minecraft:honey_bottle":1,"artifacts:lucky_scarf":5,"minecraft:rotten_flesh":258,"supplementaries:ash":1,"delightful:cantaloupe_seeds":9,"minecraft:snowball":1,"alexsmobs:lobster_tail":3,"minecraft:cobblestone":498,"minecraft:birch_log":32,"born_in_chaos_v1:staffof_magic_arrows":2,"minecraft:leather_chestplate":1,"minecraft:feather":10,"farmersdelight:rice":116,"minecraft:jungle_log":4,"minecraft:andesite":101,"minecraft:black_bed":1,"minecraft:potato":60,"minecraft:flint":355,"delightful:cantaloupe":14,"minecraft:tuff":28,"farmersdelight:tomato":5,"minecraft:lapis_lazuli":41,"minecraft:dirt":3827,"minecraft:lantern":14,"born_in_chaos_v1:monster_skin":20,"born_in_chaos_v1:marigolds":1,"irons_spellbooks:iron_spell_book":2,"minecraft:bone":106,"minecraft:bow":1,"minecraft:wheat_seeds":74,"alexscaves:guano":6,"minecraft:raw_gold":41,"farmersdelight:pumpkin_slice":6,"oceansdelight:fugu_roll":1,"minecraft:moss_block":12,"alexscaves:porous_coprolith":7,"minecraft:oak_planks":3,"epicsamurai:raw_silver":9,"irons_spellbooks:frozen_bone":3,"minecraft:sand":6,"minecraft:grass_block":1369,"minecraft:dark_oak_log":5,"minecraft:barrel":1,"alexsmobs:animal_dictionary":1,"alexscaves:occult_gem":1,"immersive_armors:warrior_helmet":1,"minecraft:diamond":4,"artifacts:crystal_heart":9,"minecraft:crossbow":5,"epicsamurai:jorogumo_eye":6,"minecraft:bone_meal":2,"minecraft:chainmail_helmet":1,"minecraft:emerald":2,"minecraft:bread":9,"minecraft:rooted_dirt":2,"alexsmobs:maggot":13,"born_in_chaos_v1:rotten_fish":10,"minecraft:diamond_pickaxe":2,"minecraft:fishing_rod":2,"born_in_chaos_v1:smoked_monster_flesh":3,"minecraft:ladder":1,"minecraft:clay_ball":8,"born_in_chaos_v1:seedof_chaos":6,"irons_spellbooks:tarnished_helmet":1,"gravestone:obituary":42,"minecraft:chain":1,"farmersdelight:cooked_rice":1,"minecraft:moss_carpet":1,"minecraft:iron_axe":3,"born_in_chaos_v1:intoxicating_decoction":8,"minecraft:item_frame":5,"epicsamurai:jade":28,"born_in_chaos_v1:smoked_fish":1,"minecraft:cyan_carpet":4,"farmersdelight:straw":93,"born_in_chaos_v1:gnawed_bones":3,"alexscaves:thornwood_log":1,"minecraft:sugar_cane":1,"minecraft:birch_sapling":1,"crittersandcompanions:clam":6,"minecraft:raw_iron":147,"alexscaves:guanostone":2,"minecraft:bowl":11,"minecraft:cookie":5,"minecraft:mangrove_sign":6,"born_in_chaos_v1:pieceofdarkmetal":26,"minecraft:carrot":4,"born_in_chaos_v1:charmof_endurance":1,"minecraft:redstone":101,"alexsmobs:crocodile_scute":1,"minecraft:arrow":26,"alexscaves:dark_tatters":7,"vinery:white_grape_seeds":14,"crittersandcompanions:silk":7,"minecraft:hay_block":24,"alexscaves:spelunkery_table":1,"immersive_armors:warrior_chestplate":1,"born_in_chaos_v1:spiny_shell":3,"artifacts:pocket_piston":12,"alexscaves:vesper_wing":1,"minecraft:glow_berries":4,"minecraft:bone_block":2,"born_in_chaos_v1:fused_bone":10,"born_in_chaos_v1:corpse_maggot":58,"born_in_chaos_v1:monster_flesh":17,"simplyswords:diamond_rapier":4,"immersive_armors:heavy_leggings":1,"minecraft:golden_carrot":5,"artifacts:digging_claws":5,"minecraft:salmon":3,"minecraft:leather":9,"minecraft:jungle_fence":1,"minecraft:packed_mud":1,"minecraft:oak_log":7,"minecraft:chainmail_chestplate":2,"minecraft:gunpowder":4,"minecraft:white_banner":2,"minecraft:apple":2,"minecraft:stone_bricks":2,"minecraft:spore_blossom":1,"born_in_chaos_v1:smoked_flesh":3,"minecraft:iron_ingot":8,"minecraft:stripped_oak_wood":1,"minecraft:glass_bottle":2,"minecraft:iron_sword":8,"minecraft:flowering_azalea":3,"epicsamurai:onyx":7,"endrem:witch_pupil":1,"alexscaves:moth_dust":9,"minecraft:pumpkin":6,"minecraft:sweet_berries":4,"born_in_chaos_v1:orbofthe_summoner":1,"born_in_chaos_v1:ethereal_spirit":14,"minecraft:gravel":4102,"born_in_chaos_v1:dark_rod":9,"minecraft:amethyst_shard":7,"minecraft:spruce_sapling":3,"minecraft:spruce_log":44,"minecraft:spider_eye":13,"travelersbackpack:standard":6,"minecraft:pumpkin_seeds":7,"minecraft:purple_bed":1,"minecraft:slime_ball":3,"irons_spellbooks:magehunter":1,"minecraft:chainmail_leggings":2,"minecraft:iron_helmet":3,"alexscaves:cave_map":2,"minecraft:baked_potato":50,"minecraft:coal":90,"minecraft:ender_pearl":14},"minecraft:crafted":{"delightful:cantaloupe_slice":15,"minecraft:oak_planks":24,"irons_spellbooks:iron_spell_book":1,"minecraft:chain":3,"minecraft:diamond_shovel":1,"alexsmobs:crocodile_egg":1,"minecraft:chest":13,"immersive_armors:wooden_helmet":2,"minecraft:item_frame":1,"minecraft:crafting_table":16,"minecraft:spruce_planks":116,"farmersdelight:flint_knife":1,"minecraft:wooden_pickaxe":1,"minecraft:baked_potato":16,"minecraft:brush":1,"minecraft:birch_planks":76,"epicsamurai:steel_nugget":9,"minecraft:iron_chestplate":2,"minecraft:charcoal":4,"minecraft:stick":116,"minecraft:iron_ingot":54,"minecraft:iron_block":3,"minecraft:shears":1,"epicsamurai:knive_handle":1,"minecraft:cherry_planks":8,"minecraft:stone_shovel":1,"minecraft:iron_nugget":9,"farmersdelight:cooked_rice":2,"epicsamurai:kunai":1,"minecraft:furnace":1,"alexscaves:thornwood_planks":4,"simplytools:iron_excavator":3,"supplementaries:sconce":1,"oceansdelight:seagrass_salad":2,"minecraft:stone_pickaxe":2,"minecraft:spruce_boat":1,"minecraft:dark_oak_planks":52,"crittersandcompanions:grappling_hook":1,"minecraft:wheat":216,"minecraft:cooked_beef":3,"simplytools:iron_excavator_head":3,"minecraft:bowl":24,"minecraft:golden_shovel":1,"minecraft:bucket":4,"minecraft:bread":79,"minecraft:air":0,"minecraft:iron_shovel":21,"minecraft:anvil":1,"minecraft:acacia_planks":8,"minecraft:torch":164},"minecraft:mined":{"alexscaves:guanostone":130,"minecraft:sculk_vein":1,"minecraft:cave_vines_plant":1,"minecraft:granite":1,"minecraft:grass_block":2040,"epicsamurai:silver_ore":9,"minecraft:soul_soil":1,"alexscaves:coprolith":122,"minecraft:spawner":3,"minecraft:tall_seagrass":10,"epicsamurai:deepslate_jade_ore":21,"minecraft:iron_ore":83,"farmersdelight:rice":1,"minecraft:fire":36,"minecraft:cobbled_deepslate":23,"born_in_chaos_v1:black_argillite_brick_stairs":4,"minecraft:moss_carpet":1,"minecraft:pumpkin":6,"supplementaries:stick":1,"minecraft:dirt_path":4,"minecraft:cave_vines":1,"amendments:wall_lantern":8,"farmersdelight:rice_panicles":170,"minecraft:deepslate_redstone_ore":9,"graveyard:dark_iron_trapdoor":1,"minecraft:clay":20,"minecraft:powder_snow":2,"born_in_chaos_v1:infected_deepslate_diamond_ore":2,"minecraft:torch":17,"minecraft:calcite":5,"alexscaves:peering_coprolith":4,"minecraft:dead_bush":1,"minecraft:cobblestone":21,"minecraft:honeycomb_block":9,"minecraft:oak_planks":4,"minecraft:sugar_cane":1,"minecraft:wall_torch":27,"vinery:white_grape_bush":4,"minecraft:amethyst_block":4,"minecraft:seagrass":3,"minecraft:birch_log":25,"delightful:cantaloupe":6,"minecraft:stripped_oak_wood":1,"minecraft:black_bed":1,"minecraft:grass":100,"minecraft:cracked_deepslate_tiles":1,"alexscaves:coprolith_coal_ore":8,"minecraft:dirt":3279,"minecraft:sand":37,"minecraft:deepslate":652,"alexscaves:spelunkery_table":1,"minecraft:tuff":44,"minecraft:mossy_cobblestone":1,"minecraft:deepslate_diamond_ore":4,"minecraft:dark_oak_log":1,"minecraft:cyan_stained_glass":1,"born_in_chaos_v1:infected_diamond_ore":1,"gravestone:gravestone":75,"minecraft:ladder":1,"delightful:cantaloupe_plant":9,"born_in_chaos_v1:black_argillite":17,"graveyard:tg_deepslate":1,"minecraft:redstone_wire":1,"minecraft:spruce_leaves":1,"minecraft:moss_block":5,"minecraft:rooted_dirt":1,"minecraft:sandstone":4,"minecraft:large_fern":1,"minecraft:hay_block":5,"epicsamurai:onyx_ore":4,"minecraft:deepslate_brick_slab":1,"minecraft:packed_mud":2,"minecraft:andesite":72,"treechop:chopped_log":2,"minecraft:potatoes":14,"minecraft:shroomlight":1,"minecraft:deepslate_iron_ore":42,"minecraft:vine":2,"minecraft:lantern":6,"crittersandcompanions:silk_cocoon":3,"minecraft:stone":481,"alexscaves:porous_coprolith":3,"born_in_chaos_v1:marigolds":1,"minecraft:soul_sand":1,"travelersbackpack:standard":1,"minecraft:fire_coral":1,"minecraft:honey_block":1,"minecraft:stone_slab":5,"minecraft:copper_ore":3,"minecraft:tall_grass":25,"minecraft:deepslate_gold_ore":19,"minecraft:sculk":15,"minecraft:big_dripleaf":1,"minecraft:purple_bed":1,"minecraft:birch_planks":1,"minecraft:coarse_dirt":3,"minecraft:sweet_berry_bush":1,"minecraft:ice":2,"minecraft:spruce_log":21,"minecraft:birch_leaves":4,"minecraft:jungle_fence":1,"minecraft:white_wall_banner":1,"alexscaves:thornwood_log":1,"minecraft:coal_ore":101,"minecraft:gravel":5953,"minecraft:cobweb":4,"minecraft:stone_bricks":2,"minecraft:small_dripleaf":1,"minecraft:gold_ore":8,"minecraft:fern":4},"minecraft:used":{"minecraft:iron_shovel":5192,"born_in_chaos_v1:intoxicating_decoction":1,"minecraft:ladder":1,"minecraft:chest":13,"minecraft:shield":5,"minecraft:iron_sword":786,"alexscaves:cooked_lanternfish":1,"minecraft:iron_chestplate":1,"simplyswords:diamond_rapier":1212,"minecraft:carrot":16,"minecraft:tuff":10,"epicsamurai:kunai":34,"minecraft:honey_bottle":2,"minecraft:spruce_boat":1,"born_in_chaos_v1:corpse_maggot":2,"born_in_chaos_v1:smoked_flesh":17,"alexsmobs:lobster_tail":3,"minecraft:lantern":12,"minecraft:grass_block":1377,"minecraft:iron_helmet":1,"minecraft:item_frame":1,"minecraft:sweet_berries":4,"minecraft:furnace":1,"minecraft:potato":49,"minecraft:sugar_cane":1,"minecraft:stone_pickaxe":114,"minecraft:wooden_pickaxe":35,"oceansdelight:seagrass_salad":2,"minecraft:jungle_fence":1,"farmersdelight:pumpkin_slice":6,"minecraft:ender_pearl":4,"minecraft:glow_berries":1,"alexscaves:cave_book":3,"minecraft:crossbow":74,"minecraft:black_bed":1,"waystones:waystone":1,"born_in_chaos_v1:monster_flesh":1,"minecraft:bread":141,"minecraft:gravel":3618,"born_in_chaos_v1:smoked_monster_flesh":3,"irons_spellbooks:magehunter":13,"minecraft:chainmail_boots":1,"minecraft:stripped_oak_wood":1,"minecraft:birch_log":3,"minecraft:experience_bottle":4,"minecraft:stone_shovel":96,"minecraft:redstone":1,"minecraft:spruce_planks":24,"born_in_chaos_v1:smoked_fish":1,"minecraft:stick":1,"supplementaries:sconce":1,"minecraft:dirt":4024,"minecraft:torch":228,"minecraft:anvil":1,"farmersdelight:flint_knife":140,"minecraft:golden_shovel":71,"minecraft:iron_axe":10,"minecraft:iron_boots":1,"minecraft:cooked_beef":3,"minecraft:cobbled_deepslate":185,"minecraft:iron_leggings":2,"minecraft:calcite":2,"farmersdelight:cooked_rice":112,"minecraft:amethyst_block":7,"minecraft:baked_potato":61,"farmersdelight:onion":4,"minecraft:crafting_table":17,"simplyswords:iron_twinblade":169,"minecraft:spruce_log":9,"alexscaves:cooked_radgill":1,"bosses_of_mass_destruction:soul_star":1,"minecraft:cake":2,"minecraft:diamond_pickaxe":1041,"minecraft:apple":11,"minecraft:diamond_shovel":3079,"minecraft:iron_pickaxe":891,"oceansdelight:fugu_roll":1,"alexsmobs:crocodile_egg":1,"delightful:cantaloupe_slice":13,"minecraft:spruce_sapling":1,"minecraft:cobblestone":296,"minecraft:potion":3,"travelersbackpack:standard":13,"minecraft:purple_bed":1,"minecraft:white_banner":2,"simplytools:iron_excavator":2823,"minecraft:bucket":4,"alexsmobs:animal_dictionary":1,"minecraft:brush":6,"minecraft:diamond_leggings":2},"minecraft:custom":{"minecraft:interact_with_crafting_table":60,"minecraft:open_barrel":60,"minecraft:eat_cake_slice":30,"minecraft:leave_game":31,"minecraft:time_since_death":135015,"minecraft:damage_resisted":50,"minecraft:sprint_one_cm":2805368,"minecraft:damage_blocked_by_shield":375,"minecraft:drop":981,"minecraft:play_noteblock":2,"minecraft:talked_to_villager":12,"minecraft:play_time":1394913,"minecraft:deaths":80,"minecraft:jump":11147,"minecraft:walk_on_water_one_cm":198390,"minecraft:enchant_item":4,"minecraft:interact_with_furnace":27,"minecraft:traded_with_villager":2,"minecraft:interact_with_cartography_table":2,"minecraft:interact_with_loom":3,"minecraft:sleep_in_bed":74,"minecraft:waystone_activated":8,"minecraft:damage_dealt":105656,"minecraft:player_kills":2,"minecraft:crouch_one_cm":598918,"minecraft:interact_with_smoker":4,"minecraft:interact_with_smithing_table":3,"minecraft:interact_with_anvil":8,"minecraft:mob_kills":507,"minecraft:damage_dealt_resisted":13344,"minecraft:climb_one_cm":129420,"minecraft:walk_one_cm":3747739,"minecraft:sneak_time":160080,"minecraft:walk_under_water_one_cm":595003,"minecraft:interact_with_lectern":2,"minecraft:boat_one_cm":11781,"minecraft:interact_with_blast_furnace":7,"minecraft:total_world_time":1394913,"minecraft:interact_with_grindstone":1,"minecraft:time_since_rest":29307,"minecraft:damage_taken":40563,"minecraft:swim_one_cm":596380,"minecraft:fly_one_cm":3725109,"minecraft:open_chest":287,"minecraft:fall_one_cm":250050},"minecraft:dropped":{"farmersdelight:iron_knife":1,"minecraft:iron_sword":5,"minecraft:moss_block":7,"minecraft:birch_planks":2,"minecraft:porkchop":3,"minecraft:lapis_lazuli":35,"crittersandcompanions:clam":2,"minecraft:oak_log":2,"farmersdelight:pumpkin_slice":40,"immersive_armors:warrior_helmet":1,"minecraft:glass_bottle":6,"minecraft:diamond":6,"epicsamurai:onyx":5,"minecraft:crafting_table":1,"minecraft:decorated_pot":1,"minecraft:crossbow":3,"minecraft:rooted_dirt":2,"alexscaves:moth_dust":5,"born_in_chaos_v1:pieceofdarkmetal":2,"travelersbackpack:standard":1,"born_in_chaos_v1:nightmare_claw":3,"minecraft:item_frame":5,"minecraft:flint":3,"born_in_chaos_v1:monster_flesh":4,"minecraft:packed_mud":1,"minecraft:dirt":8,"simplyswords:diamond_rapier":1,"born_in_chaos_v1:phantom_powder":1,"born_in_chaos_v1:monster_skin":9,"minecraft:seagrass":6,"epicsamurai:jade":15,"minecraft:snowball":4,"gravestone:obituary":124,"alexscaves:cave_map":2,"minecraft:bone_block":2,"minecraft:amethyst_shard":8,"minecraft:bone_meal":11,"minecraft:sand":1,"minecraft:iron_pickaxe":1,"travelersbackpack:backpack_tank":2,"minecraft:birch_log":2,"minecraft:white_wool":16,"minecraft:cyan_carpet":4,"minecraft:bone":31,"minecraft:gravel":428,"alexsmobs:centipede_leg":2,"alexsmobs:animal_dictionary":2,"minecraft:cobbled_deepslate":409,"minecraft:wheat":21,"minecraft:birch_sapling":1,"born_in_chaos_v1:ethereal_spirit":6,"minecraft:rotten_flesh":136,"minecraft:oak_planks":1,"minecraft:mangrove_sign":7,"minecraft:leather_chestplate":1,"farmersdelight:rice_panicle":35,"minecraft:gunpowder":3,"minecraft:jungle_log":4,"born_in_chaos_v1:corpse_maggot":26,"alexscaves:dark_tatters":7,"minecraft:arrow":3,"born_in_chaos_v1:dark_rod":2,"minecraft:bread":21,"minecraft:iron_ingot":23,"minecraft:wheat_seeds":75,"epicsamurai:raw_silver":18,"minecraft:prismarine_shard":4,"minecraft:iron_helmet":2,"minecraft:feather":2,"minecraft:cobblestone":123,"minecraft:amethyst_block":4,"delightful:green_tea_leaf":2,"minecraft:acacia_log":2,"immersive_armors:warrior_chestplate":1,"minecraft:stick":18,"minecraft:cobweb":5,"artifacts:lucky_scarf":1,"minecraft:golden_carrot":4,"minecraft:torch":9,"born_in_chaos_v1:fused_bone":2,"epicsamurai:jorogumo_eye":2,"minecraft:potion":2,"minecraft:iron_leggings":5,"minecraft:flowering_azalea":2,"minecraft:iron_axe":2,"alexscaves:guanostone":2,"born_in_chaos_v1:staffof_magic_arrows":1,"minecraft:chainmail_leggings":1,"minecraft:iron_shovel":1,"alexscaves:porous_coprolith":7,"minecraft:string":4,"minecraft:bucket":1,"minecraft:spruce_sapling":2,"minecraft:redstone":54,"alexscaves:guano":2,"minecraft:moss_carpet":1,"alexsmobs:maggot":11,"minecraft:sweet_berries":2,"minecraft:bowl":3,"minecraft:tuff":9,"farmersdelight:cabbage_seeds":11,"minecraft:raw_iron":59,"minecraft:experience_bottle":1,"born_in_chaos_v1:rotten_fish":5,"alexscaves:vesper_wing":1,"minecraft:clay_ball":72,"minecraft:iron_boots":1,"minecraft:pumpkin_seeds":7,"minecraft:hay_block":19,"minecraft:potato":20,"minecraft:shroomlight":2,"minecraft:spruce_planks":29,"minecraft:iron_chestplate":6,"minecraft:diamond_pickaxe":2,"minecraft:andesite":101,"minecraft:purple_bed":1,"minecraft:barrel":1,"minecraft:spruce_log":28,"alexscaves:occult_gem":1,"minecraft:raw_gold":12,"immersive_armors:wooden_helmet":2,"minecraft:brick":28},"minecraft:killed_by":{"irons_spellbooks:necromancer":1,"enemyexpansion:ladybug":1},"minecraft:broken":{"minecraft:iron_shovel":20,"minecraft:iron_boots":1,"minecraft:iron_chestplate":1,"minecraft:golden_shovel":1,"minecraft:iron_leggings":1,"simplytools:iron_excavator":2,"minecraft:chainmail_boots":1,"simplyswords:iron_twinblade":1,"epicsamurai:kunai":1,"minecraft:iron_sword":2,"minecraft:stone_shovel":1,"minecraft:leather_helmet":1,"minecraft:iron_pickaxe":3,"minecraft:iron_helmet":2},"minecraft:killed":{"born_in_chaos_v1:zombie_clown":3,"alexsmobs:lobster":2,"alexscaves:gloomoth":9,"minecraft:witch":1,"born_in_chaos_v1:zombie_lumberjack":10,"born_in_chaos_v1:restless_spirit":3,"creeperoverhaul:beach_creeper":3,"born_in_chaos_v1:door_knight_not_despawn":1,"minecraft:spider":23,"born_in_chaos_v1:siamese_skeletonsright":4,"born_in_chaos_v1:baby_skeleton_minion":5,"born_in_chaos_v1:scarlet_persecutor":1,"minecraft:skeleton":14,"alexscaves:underzealot":4,"born_in_chaos_v1:skeleton_thrasher":2,"alexsmobs:centipede_head":1,"born_in_chaos_v1:supreme_bonescaller_stage_2":1,"irons_spellbooks:summoned_skeleton":1,"enemyexpansion:vampflyer":3,"artifacts:mimic":3,"born_in_chaos_v1:bonescaller":4,"enemyexpansion:ladybug":2,"born_in_chaos_v1:diamond_termite":1,"minecraft:zombie_villager":9,"epicsamurai:jorogumo":3,"irons_spellbooks:necromancer":3,"minecraft:trader_llama":2,"minecraft:pillager":37,"born_in_chaos_v1:zombie_fisherman":15,"alexsmobs:flutter":1,"minecraft:zombie":60,"born_in_chaos_v1:dread_hound":18,"born_in_chaos_v1:corpse_fly":36,"enemyexpansion:botfly":16,"alexsmobs:fly":6,"minecraft:glow_squid":1,"crittersandcompanions:koi_fish":1,"born_in_chaos_v1:door_knight":5,"born_in_chaos_v1:siamese_skeletonsleft":3,"enemyexpansion:wasp":1,"born_in_chaos_v1:missioner":1,"irons_spellbooks:summoned_zombie":5,"born_in_chaos_v1:zombie_clown_not_despawn":1,"minecraft:vindicator":1,"alexscaves:vesper":3,"alexsmobs:seagull":7,"born_in_chaos_v1:thornshell_crab":1,"born_in_chaos_v1:zombie_bruiser":9,"born_in_chaos_v1:maggot":54,"creeperoverhaul:snowy_creeper":1,"minecraft:drowned":9,"born_in_chaos_v1:barrel_zombie":3,"born_in_chaos_v1:fallen_chaos_knight":3,"minecraft:husk":4,"born_in_chaos_v1:bone_imp_minion":5,"born_in_chaos_v1:baby_skeleton":8,"born_in_chaos_v1:swarmer":3,"minecraft:wandering_trader":2,"born_in_chaos_v1:decrepit_skeleton":18,"born_in_chaos_v1:phantom_creeper_copy":3,"born_in_chaos_v1:bloody_gadfly":5,"born_in_chaos_v1:dark_vortex":7,"born_in_chaos_v1:nightmare_stalker":4,"minecraft:enderman":6,"enemyexpansion:slugger":1}},"DataVersion":3465}