{"stats":{"minecraft:picked_up":{"minecraft:seagrass":12,"born_in_chaos_v1:charmof_stealth":1,"minecraft:iron_chestplate":5,"minecraft:chainmail_boots":1,"minecraft:prismarine_shard":8,"irons_spellbooks:affinity_ring":9,"minecraft:lead":9,"minecraft:stone_slab":2,"farmersdelight:rice_panicle":35,"vinery:red_grape_seeds":14,"minecraft:amethyst_block":4,"minecraft:string":29,"minecraft:pufferfish":1,"minecraft:shroomlight":2,"minecraft:diamond_leggings":1,"minecraft:cobbled_deepslate":985,"bosses_of_mass_destruction:soul_star":3,"minecraft:spruce_planks":31,"minecraft:written_book":1,"minecraft:golden_helmet":1,"born_in_chaos_v1:shattered_skull":2,"minecraft:acacia_log":6,"minecraft:cherry_log":5,"minecraft:golden_chestplate":1,"alexsmobs:centipede_leg":2,"minecraft:honey_bottle":1,"artifacts:lucky_scarf":11,"supplementaries:ash":5,"delightful:cantaloupe_seeds":9,"minecraft:snowball":10,"alexsmobs:lobster_tail":3,"minecraft:birch_log":32,"born_in_chaos_v1:staffof_magic_arrows":2,"minecraft:feather":10,"farmersdelight:rice":116,"minecraft:jungle_log":6,"minecraft:flint":355,"delightful:cantaloupe":14,"farmersdelight:tomato":5,"minecraft:lantern":18,"born_in_chaos_v1:marigolds":1,"irons_spellbooks:iron_spell_book":10,"alexscaves:guano":6,"oceansdelight:fugu_roll":1,"minecraft:moss_block":12,"alexscaves:porous_coprolith":7,"epicsamurai:raw_silver":9,"minecraft:dark_oak_log":5,"minecraft:barrel":1,"alexsmobs:animal_dictionary":1,"alexscaves:occult_gem":1,"artifacts:crystal_heart":17,"minecraft:chainmail_helmet":1,"minecraft:bread":11,"alexsmobs:maggot":13,"minecraft:rooted_dirt":3,"born_in_chaos_v1:rotten_fish":10,"minecraft:diamond_pickaxe":3,"minecraft:crafting_table":1,"minecraft:coarse_dirt":1,"born_in_chaos_v1:smoked_monster_flesh":3,"minecraft:clay_ball":8,"born_in_chaos_v1:seedof_chaos":6,"irons_spellbooks:tarnished_helmet":1,"gravestone:obituary":44,"farmersdelight:cooked_rice":1,"epicsamurai:jade":28,"born_in_chaos_v1:intoxicating_decoction":8,"born_in_chaos_v1:smoked_fish":1,"born_in_chaos_v1:gnawed_bones":4,"alexscaves:thornwood_log":1,"minecraft:iron_nugget":2,"minecraft:birch_sapling":1,"minecraft:stone":2,"alexscaves:guanostone":2,"minecraft:mangrove_sign":6,"born_in_chaos_v1:pieceofdarkmetal":26,"minecraft:carrot":4,"minecraft:redstone":101,"irons_spellbooks:evocation_rune":1,"minecraft:deepslate_bricks":1,"immersive_armors:warrior_chestplate":1,"minecraft:hay_block":24,"born_in_chaos_v1:spiny_shell":3,"artifacts:pocket_piston":19,"minecraft:glow_berries":4,"minecraft:bone_block":2,"born_in_chaos_v1:monster_flesh":21,"minecraft:jungle_fence":1,"minecraft:filled_map":1,"minecraft:packed_mud":1,"minecraft:oak_log":9,"minecraft:golden_boots":1,"minecraft:white_banner":3,"minecraft:apple":7,"minecraft:stone_bricks":3,"minecraft:spore_blossom":1,"born_in_chaos_v1:smoked_flesh":3,"minecraft:glass_bottle":2,"minecraft:iron_sword":8,"minecraft:flowering_azalea":3,"endrem:witch_pupil":1,"alexscaves:moth_dust":9,"minecraft:sweet_berries":6,"born_in_chaos_v1:orbofthe_summoner":1,"born_in_chaos_v1:ethereal_spirit":15,"minecraft:gravel":4425,"minecraft:spruce_sapling":3,"delightful:salmonberries":23,"minecraft:spruce_log":47,"travelersbackpack:standard":14,"minecraft:purple_bed":1,"minecraft:slime_ball":3,"irons_spellbooks:magehunter":3,"alexscaves:cave_map":2,"minecraft:baked_potato":67,"minecraft:ender_pearl":14,"epicsamurai:cloth":3,"irons_spellbooks:scroll":4,"minecraft:wheat":21,"minecraft:turtle_egg":1,"minecraft:potion":1,"bakery:strawberry_seeds":1,"born_in_chaos_v1:black_argillite":13,"minecraft:iron_leggings":4,"minecraft:experience_bottle":1,"minecraft:sea_pickle":1,"irons_spellbooks:arcane_essence":15,"minecraft:bucket":2,"minecraft:calcite":2,"minecraft:iron_pickaxe":2,"delightful:green_tea_leaf":1,"minecraft:stick":8,"born_in_chaos_v1:phantom_powder":5,"minecraft:torch":63,"born_in_chaos_v1:nightmare_claw":3,"minecraft:rotten_flesh":285,"minecraft:cobblestone":498,"minecraft:leather_chestplate":1,"minecraft:andesite":101,"minecraft:black_bed":1,"minecraft:golden_leggings":1,"minecraft:potato":60,"minecraft:tuff":28,"minecraft:lapis_lazuli":41,"minecraft:dirt":4663,"minecraft:name_tag":2,"brewery:hops_seeds":14,"born_in_chaos_v1:monster_skin":23,"minecraft:bone":124,"minecraft:bow":1,"minecraft:wheat_seeds":76,"minecraft:raw_gold":41,"farmersdelight:pumpkin_slice":6,"minecraft:oak_planks":3,"irons_spellbooks:frozen_bone":3,"minecraft:sand":6,"minecraft:grass_block":1850,"immersive_armors:warrior_helmet":1,"minecraft:diamond":4,"minecraft:crossbow":6,"epicsamurai:jorogumo_eye":6,"minecraft:bone_meal":2,"minecraft:emerald":48,"minecraft:oak_leaves":1,"minecraft:fishing_rod":2,"minecraft:ladder":1,"minecraft:chain":1,"minecraft:brick":2,"minecraft:moss_carpet":1,"minecraft:iron_axe":4,"minecraft:item_frame":6,"minecraft:cyan_carpet":4,"farmersdelight:straw":93,"minecraft:oak_boat":1,"minecraft:sugar_cane":1,"crittersandcompanions:clam":6,"minecraft:raw_iron":147,"minecraft:bowl":14,"minecraft:cookie":5,"born_in_chaos_v1:charmof_endurance":1,"alexsmobs:crocodile_scute":1,"minecraft:arrow":64,"alexscaves:dark_tatters":7,"vinery:white_grape_seeds":14,"crittersandcompanions:silk":12,"alexscaves:spelunkery_table":1,"alexscaves:vesper_wing":1,"born_in_chaos_v1:fused_bone":10,"crittersandcompanions:dumbo_octopus_bucket":3,"born_in_chaos_v1:corpse_maggot":59,"simplyswords:diamond_rapier":4,"immersive_armors:heavy_leggings":1,"minecraft:golden_carrot":5,"artifacts:digging_claws":13,"minecraft:salmon":3,"minecraft:leather":9,"minecraft:chainmail_chestplate":3,"minecraft:gunpowder":4,"irons_spellbooks:rare_ink":2,"minecraft:iron_ingot":9,"minecraft:stripped_oak_wood":1,"irons_spellbooks:cinder_essence":1,"epicsamurai:onyx":7,"bakery:strawberry":7,"minecraft:pumpkin":6,"born_in_chaos_v1:dark_rod":9,"minecraft:amethyst_shard":7,"minecraft:spider_eye":14,"minecraft:pumpkin_seeds":7,"minecraft:chainmail_leggings":2,"minecraft:iron_helmet":3,"minecraft:coal":90},"minecraft:dropped":{"farmersdelight:iron_knife":1,"minecraft:iron_sword":6,"minecraft:porkchop":3,"minecraft:lapis_lazuli":35,"crittersandcompanions:clam":2,"farmersdelight:pumpkin_slice":40,"minecraft:glass_bottle":6,"immersive_armors:warrior_helmet":1,"minecraft:diamond":6,"minecraft:crafting_table":2,"minecraft:crossbow":3,"minecraft:rooted_dirt":3,"born_in_chaos_v1:pieceofdarkmetal":2,"alexscaves:moth_dust":5,"born_in_chaos_v1:nightmare_claw":3,"minecraft:red_mushroom":2,"minecraft:item_frame":6,"minecraft:emerald":38,"born_in_chaos_v1:monster_flesh":4,"minecraft:packed_mud":1,"minecraft:dirt":9,"simplyswords:diamond_rapier":1,"born_in_chaos_v1:phantom_powder":1,"minecraft:bone_meal":11,"minecraft:bone_block":2,"minecraft:sand":1,"minecraft:iron_pickaxe":1,"travelersbackpack:backpack_tank":2,"minecraft:white_wool":16,"minecraft:cyan_carpet":4,"minecraft:bone":37,"alexsmobs:centipede_leg":2,"minecraft:iron_nugget":2,"minecraft:golden_chestplate":1,"alexsmobs:animal_dictionary":2,"minecraft:cobbled_deepslate":409,"minecraft:birch_sapling":1,"minecraft:wheat":21,"minecraft:rotten_flesh":145,"minecraft:oak_planks":1,"bosses_of_mass_destruction:soul_star":1,"farmersdelight:rice_panicle":35,"minecraft:jungle_log":6,"alexscaves:dark_tatters":7,"minecraft:golden_boots":1,"minecraft:iron_ingot":25,"minecraft:wheat_seeds":76,"epicsamurai:raw_silver":18,"minecraft:iron_helmet":2,"minecraft:feather":2,"minecraft:cobblestone":125,"minecraft:apple":5,"minecraft:chainmail_helmet":1,"immersive_armors:warrior_chestplate":1,"minecraft:cobweb":5,"artifacts:lucky_scarf":1,"minecraft:golden_carrot":4,"epicsamurai:jorogumo_eye":6,"minecraft:potion":2,"minecraft:chainmail_leggings":1,"minecraft:iron_shovel":1,"alexscaves:porous_coprolith":7,"minecraft:string":5,"minecraft:spruce_sapling":2,"alexscaves:guano":2,"minecraft:moss_carpet":1,"minecraft:bowl":6,"minecraft:experience_bottle":3,"born_in_chaos_v1:rotten_fish":5,"minecraft:clay_ball":72,"minecraft:iron_boots":1,"minecraft:name_tag":1,"minecraft:pumpkin_seeds":7,"minecraft:hay_block":19,"minecraft:potato":20,"minecraft:shroomlight":2,"minecraft:stone":2,"minecraft:spruce_planks":29,"minecraft:peony":1,"minecraft:spruce_trapdoor":1,"minecraft:diamond_pickaxe":3,"minecraft:barrel":1,"minecraft:moss_block":7,"minecraft:birch_planks":2,"minecraft:oak_log":2,"minecraft:baked_potato":1,"epicsamurai:onyx":5,"minecraft:decorated_pot":1,"minecraft:lantern":2,"travelersbackpack:standard":1,"minecraft:flint":3,"born_in_chaos_v1:monster_skin":12,"minecraft:seagrass":6,"epicsamurai:jade":15,"minecraft:snowball":12,"gravestone:obituary":135,"alexscaves:cave_map":2,"minecraft:amethyst_shard":8,"minecraft:birch_log":5,"minecraft:gravel":573,"born_in_chaos_v1:ethereal_spirit":6,"minecraft:mangrove_sign":7,"minecraft:carrot":1,"minecraft:chainmail_chestplate":2,"minecraft:leather_chestplate":1,"supplementaries:ash":2,"minecraft:gunpowder":3,"born_in_chaos_v1:corpse_maggot":27,"minecraft:arrow":25,"minecraft:written_book":1,"minecraft:oak_leaves":1,"born_in_chaos_v1:dark_rod":2,"minecraft:bread":21,"minecraft:golden_helmet":1,"minecraft:prismarine_shard":4,"delightful:green_tea_leaf":2,"minecraft:amethyst_block":4,"minecraft:acacia_log":2,"minecraft:stick":18,"irons_spellbooks:affinity_ring":1,"bakery:strawberry_seeds":1,"minecraft:torch":9,"born_in_chaos_v1:fused_bone":2,"minecraft:iron_leggings":5,"epicsamurai:cloth":3,"minecraft:flowering_azalea":2,"minecraft:iron_axe":3,"alexscaves:guanostone":2,"born_in_chaos_v1:staffof_magic_arrows":1,"minecraft:bucket":2,"minecraft:redstone":54,"alexsmobs:maggot":11,"minecraft:sweet_berries":4,"minecraft:coarse_dirt":1,"minecraft:tuff":10,"minecraft:raw_iron":59,"farmersdelight:cabbage_seeds":11,"alexscaves:vesper_wing":1,"minecraft:filled_map":1,"minecraft:iron_chestplate":6,"minecraft:andesite":101,"minecraft:purple_bed":1,"minecraft:golden_leggings":1,"minecraft:spruce_log":28,"alexscaves:occult_gem":1,"minecraft:raw_gold":12,"immersive_armors:wooden_helmet":2,"crittersandcompanions:dumbo_octopus_bucket":3,"minecraft:brick":30},"minecraft:custom":{"minecraft:interact_with_crafting_table":70,"minecraft:open_barrel":88,"minecraft:eat_cake_slice":30,"minecraft:leave_game":38,"minecraft:time_since_death":15234,"minecraft:damage_blocked_by_shield":375,"minecraft:play_time":1609922,"minecraft:deaths":90,"minecraft:jump":13009,"minecraft:enchant_item":4,"minecraft:interact_with_furnace":27,"minecraft:traded_with_villager":3,"minecraft:interact_with_cartography_table":2,"minecraft:sleep_in_bed":78,"minecraft:waystone_activated":8,"minecraft:damage_dealt":123500,"minecraft:interact_with_smoker":4,"minecraft:interact_with_smithing_table":3,"minecraft:interact_with_anvil":15,"minecraft:sneak_time":164547,"minecraft:interact_with_lectern":4,"minecraft:interact_with_blast_furnace":7,"minecraft:total_world_time":1609922,"minecraft:time_since_rest":2460,"minecraft:swim_one_cm":710209,"minecraft:fly_one_cm":4484171,"minecraft:open_chest":389,"minecraft:fall_one_cm":315309,"minecraft:damage_resisted":205,"minecraft:sprint_one_cm":3372709,"minecraft:drop":1077,"minecraft:play_noteblock":2,"minecraft:talked_to_villager":12,"minecraft:walk_on_water_one_cm":221981,"minecraft:interact_with_loom":3,"minecraft:player_kills":3,"minecraft:crouch_one_cm":615551,"minecraft:mob_kills":584,"minecraft:damage_dealt_resisted":13609,"minecraft:climb_one_cm":147484,"minecraft:walk_one_cm":4301281,"minecraft:walk_under_water_one_cm":648698,"minecraft:boat_one_cm":11781,"minecraft:interact_with_grindstone":1,"minecraft:damage_taken":49496,"minecraft:damage_absorbed":320},"minecraft:crafted":{"minecraft:chain":3,"minecraft:diamond_shovel":1,"farmersdelight:flint_knife":1,"epicsamurai:steel_nugget":9,"minecraft:golden_leggings":1,"minecraft:iron_block":4,"epicsamurai:gold_ninja_boots":1,"epicsamurai:knive_handle":1,"minecraft:stone_shovel":1,"minecraft:leather_leggings":1,"irons_spellbooks:wandering_magician_leggings":1,"minecraft:iron_nugget":9,"epicsamurai:kunai":1,"simplytools:iron_excavator":3,"supplementaries:sconce":1,"oceansdelight:seagrass_salad":2,"minecraft:stone_pickaxe":2,"minecraft:spruce_boat":1,"minecraft:dark_oak_planks":56,"crittersandcompanions:grappling_hook":1,"minecraft:golden_helmet":1,"minecraft:wheat":216,"simplytools:iron_excavator_head":3,"epicsamurai:cloth":8,"epicsamurai:gold_ninja_helmet":1,"minecraft:iron_shovel":21,"delightful:cantaloupe_slice":15,"minecraft:oak_planks":32,"irons_spellbooks:iron_spell_book":1,"alexsmobs:crocodile_egg":1,"minecraft:chest":14,"immersive_armors:wooden_helmet":2,"minecraft:golden_boots":1,"minecraft:item_frame":1,"minecraft:crafting_table":19,"minecraft:spruce_planks":120,"minecraft:baked_potato":16,"minecraft:wooden_pickaxe":1,"minecraft:brush":1,"irons_spellbooks:furled_map":1,"epicsamurai:gold_ninja_chestplate":1,"minecraft:birch_planks":84,"minecraft:iron_chestplate":2,"minecraft:charcoal":4,"minecraft:stick":116,"minecraft:iron_ingot":54,"minecraft:shears":1,"minecraft:cherry_planks":12,"minecraft:leather_boots":1,"minecraft:golden_chestplate":1,"farmersdelight:cooked_rice":2,"minecraft:furnace":1,"alexscaves:thornwood_planks":4,"minecraft:leather":4,"minecraft:cooked_beef":3,"minecraft:bowl":24,"minecraft:golden_shovel":1,"minecraft:bucket":5,"minecraft:bread":79,"minecraft:air":0,"minecraft:oak_boat":1,"minecraft:white_wool":1,"minecraft:anvil":1,"minecraft:acacia_planks":8,"irons_spellbooks:wandering_magician_boots":1,"minecraft:torch":164},"minecraft:killed":{"alexsmobs:lobster":2,"born_in_chaos_v1:restless_spirit":4,"born_in_chaos_v1:zombie_lumberjack":13,"born_in_chaos_v1:door_knight_not_despawn":1,"born_in_chaos_v1:siamese_skeletonsright":5,"born_in_chaos_v1:baby_skeleton_minion":5,"minecraft:skeleton":14,"alexscaves:underzealot":4,"born_in_chaos_v1:skeleton_thrasher":2,"alexsmobs:centipede_head":1,"born_in_chaos_v1:supreme_bonescaller_stage_2":1,"irons_spellbooks:archevoker":1,"minecraft:pillager":50,"alexsmobs:flutter":1,"minecraft:zombie":62,"born_in_chaos_v1:corpse_fly":36,"minecraft:glow_squid":1,"born_in_chaos_v1:door_knight":5,"minecraft:vindicator":4,"alexscaves:vesper":3,"alexsmobs:seagull":7,"born_in_chaos_v1:thornshell_crab":1,"creeperoverhaul:snowy_creeper":1,"born_in_chaos_v1:barrel_zombie":3,"minecraft:husk":17,"born_in_chaos_v1:bone_imp_minion":5,"endermanoverhaul:snowy_enderman":1,"minecraft:wandering_trader":2,"born_in_chaos_v1:decrepit_skeleton":22,"born_in_chaos_v1:bloody_gadfly":5,"born_in_chaos_v1:dark_vortex":7,"minecraft:enderman":6,"born_in_chaos_v1:zombie_clown":3,"alexscaves:gloomoth":9,"minecraft:witch":1,"creeperoverhaul:beach_creeper":3,"minecraft:spider":27,"born_in_chaos_v1:scarlet_persecutor":1,"irons_spellbooks:summoned_skeleton":1,"born_in_chaos_v1:firelight_not_despawn":1,"artifacts:mimic":3,"born_in_chaos_v1:bonescaller":4,"minecraft:zombie_villager":9,"born_in_chaos_v1:diamond_termite":1,"epicsamurai:jorogumo":3,"irons_spellbooks:necromancer":3,"minecraft:trader_llama":2,"born_in_chaos_v1:zombie_fisherman":15,"born_in_chaos_v1:dread_hound":22,"minecraft:stray":5,"alexsmobs:fly":7,"crittersandcompanions:koi_fish":1,"born_in_chaos_v1:siamese_skeletonsleft":4,"born_in_chaos_v1:missioner":1,"irons_spellbooks:summoned_zombie":5,"born_in_chaos_v1:zombie_clown_not_despawn":1,"born_in_chaos_v1:zombie_bruiser":10,"born_in_chaos_v1:maggot":62,"minecraft:drowned":9,"born_in_chaos_v1:fallen_chaos_knight":3,"born_in_chaos_v1:baby_skeleton":8,"born_in_chaos_v1:swarmer":3,"born_in_chaos_v1:phantom_creeper_copy":3,"born_in_chaos_v1:nightmare_stalker":4},"minecraft:killed_by":{"minecraft:player":1,"irons_spellbooks:necromancer":1},"minecraft:used":{"minecraft:ladder":1,"minecraft:chest":14,"alexscaves:cooked_lanternfish":1,"simplyswords:diamond_rapier":1255,"minecraft:spruce_boat":1,"born_in_chaos_v1:smoked_flesh":17,"minecraft:grass_block":1723,"minecraft:bow":1,"minecraft:sweet_berries":4,"minecraft:furnace":1,"minecraft:potato":49,"minecraft:wooden_pickaxe":35,"oceansdelight:seagrass_salad":2,"farmersdelight:pumpkin_slice":6,"minecraft:glow_berries":1,"born_in_chaos_v1:monster_flesh":1,"irons_spellbooks:magehunter":231,"minecraft:birch_log":3,"minecraft:oak_boat":2,"born_in_chaos_v1:smoked_fish":1,"minecraft:stick":1,"minecraft:torch":228,"minecraft:anvil":1,"farmersdelight:flint_knife":140,"minecraft:golden_shovel":71,"minecraft:iron_axe":10,"minecraft:cobbled_deepslate":185,"minecraft:calcite":2,"farmersdelight:cooked_rice":122,"minecraft:crafting_table":20,"minecraft:spruce_log":9,"minecraft:cake":2,"alexscaves:cooked_radgill":1,"minecraft:diamond_pickaxe":1054,"minecraft:diamond_shovel":3648,"oceansdelight:fugu_roll":1,"minecraft:iron_pickaxe":891,"alexsmobs:crocodile_egg":1,"delightful:cantaloupe_slice":13,"minecraft:spruce_sapling":1,"minecraft:cobblestone":296,"minecraft:potion":3,"travelersbackpack:standard":21,"minecraft:purple_bed":1,"simplytools:iron_excavator":3948,"minecraft:brush":6,"minecraft:diamond_leggings":2,"minecraft:iron_shovel":5192,"born_in_chaos_v1:intoxicating_decoction":1,"minecraft:shield":5,"minecraft:iron_sword":799,"minecraft:iron_chestplate":1,"minecraft:carrot":16,"minecraft:tuff":10,"epicsamurai:kunai":34,"minecraft:honey_bottle":2,"born_in_chaos_v1:corpse_maggot":2,"alexsmobs:lobster_tail":3,"minecraft:lantern":15,"minecraft:iron_helmet":1,"minecraft:item_frame":1,"minecraft:written_book":4,"minecraft:stone_pickaxe":114,"minecraft:jungle_fence":1,"minecraft:ender_pearl":4,"minecraft:sugar_cane":1,"alexscaves:cave_book":3,"minecraft:crossbow":88,"minecraft:black_bed":1,"waystones:waystone":1,"epicsamurai:gold_ninja_helmet":1,"minecraft:bread":232,"born_in_chaos_v1:smoked_monster_flesh":3,"minecraft:gravel":3647,"minecraft:chainmail_boots":1,"minecraft:stripped_oak_wood":1,"minecraft:experience_bottle":4,"minecraft:stone_shovel":96,"minecraft:redstone":1,"minecraft:spruce_planks":24,"supplementaries:sconce":1,"minecraft:dirt":4627,"minecraft:iron_boots":1,"minecraft:cooked_beef":3,"minecraft:iron_leggings":2,"minecraft:amethyst_block":7,"minecraft:baked_potato":77,"farmersdelight:onion":4,"simplyswords:iron_twinblade":169,"bosses_of_mass_destruction:soul_star":1,"minecraft:apple":11,"crittersandcompanions:dumbo_octopus_bucket":1,"minecraft:white_banner":2,"minecraft:bucket":6,"alexsmobs:animal_dictionary":1},"minecraft:broken":{"minecraft:iron_boots":1,"minecraft:iron_chestplate":1,"minecraft:iron_leggings":1,"minecraft:chainmail_boots":1,"simplyswords:iron_twinblade":1,"epicsamurai:kunai":1,"minecraft:iron_sword":2,"minecraft:leather_helmet":1,"minecraft:iron_pickaxe":3,"minecraft:iron_helmet":2,"minecraft:iron_shovel":20,"minecraft:golden_shovel":1,"simplytools:iron_excavator":2,"minecraft:stone_shovel":1},"minecraft:mined":{"irons_spellbooks:armor_pile":1,"minecraft:granite":1,"epicsamurai:silver_ore":9,"minecraft:deepslate_bricks":3,"alexscaves:coprolith":122,"minecraft:spawner":4,"minecraft:tall_seagrass":10,"epicsamurai:deepslate_jade_ore":21,"minecraft:cobbled_deepslate":23,"minecraft:fire":38,"minecraft:barrel":2,"minecraft:pumpkin":6,"minecraft:moss_carpet":1,"minecraft:cave_vines":1,"minecraft:dirt_path":4,"amendments:wall_lantern":9,"farmersdelight:rice_panicles":170,"brewery:wild_hops":7,"graveyard:dark_iron_trapdoor":1,"minecraft:powder_snow":2,"minecraft:torch":17,"born_in_chaos_v1:infected_deepslate_diamond_ore":2,"vinery:red_grape_bush":4,"alexscaves:peering_coprolith":4,"minecraft:dead_bush":1,"minecraft:sugar_cane":1,"minecraft:amethyst_block":4,"minecraft:black_bed":1,"graveyard:tg_tuff":3,"minecraft:grass":125,"minecraft:deepslate":652,"minecraft:mossy_cobblestone":1,"minecraft:dark_oak_log":1,"minecraft:cyan_stained_glass":1,"delightful:cantaloupe_plant":9,"born_in_chaos_v1:black_argillite":17,"graveyard:tg_deepslate":1,"minecraft:redstone_wire":1,"minecraft:moss_block":8,"minecraft:packed_mud":2,"graveyard:tg_moss_block":5,"minecraft:snow":16,"minecraft:andesite":72,"minecraft:potatoes":14,"minecraft:vine":2,"minecraft:soul_sand":2,"minecraft:fire_coral":1,"graveyard:tg_rooted_dirt":11,"minecraft:tall_grass":33,"minecraft:copper_ore":3,"minecraft:deepslate_gold_ore":19,"minecraft:big_dripleaf":1,"minecraft:purple_bed":1,"minecraft:coarse_dirt":16,"minecraft:spruce_log":25,"minecraft:birch_leaves":4,"minecraft:jungle_fence":1,"minecraft:gravel":6329,"minecraft:cobweb":5,"minecraft:stone_bricks":5,"minecraft:gold_ore":8,"minecraft:fern":7,"alexscaves:guanostone":130,"graveyard:tg_coarse_dirt":6,"minecraft:sculk_vein":1,"minecraft:cave_vines_plant":1,"minecraft:grass_block":2537,"minecraft:soul_soil":2,"farmersdelight:rice":1,"minecraft:iron_ore":83,"born_in_chaos_v1:black_argillite_brick_stairs":4,"supplementaries:stick":1,"minecraft:spruce_slab":1,"minecraft:deepslate_redstone_ore":9,"minecraft:blackstone":1,"minecraft:clay":20,"minecraft:calcite":5,"minecraft:cobblestone":22,"minecraft:honeycomb_block":9,"minecraft:oak_planks":4,"minecraft:wall_torch":27,"vinery:white_grape_bush":5,"minecraft:seagrass":3,"delightful:cantaloupe":6,"minecraft:birch_log":25,"born_in_chaos_v1:river_mint":1,"minecraft:stripped_oak_wood":1,"minecraft:cracked_deepslate_tiles":3,"alexscaves:coprolith_coal_ore":8,"minecraft:sand":37,"minecraft:dirt":4113,"minecraft:oak_leaves":3,"alexscaves:spelunkery_table":1,"minecraft:tuff":44,"minecraft:dark_oak_leaves":4,"minecraft:deepslate_diamond_ore":4,"born_in_chaos_v1:infected_diamond_ore":1,"minecraft:ladder":1,"gravestone:gravestone":86,"minecraft:spruce_leaves":4,"minecraft:sandstone":4,"minecraft:rooted_dirt":1,"minecraft:large_fern":1,"minecraft:hay_block":5,"epicsamurai:onyx_ore":4,"minecraft:deepslate_brick_slab":1,"minecraft:stripped_spruce_log":1,"treechop:chopped_log":2,"minecraft:deepslate_iron_ore":42,"minecraft:shroomlight":1,"minecraft:lantern":7,"crittersandcompanions:silk_cocoon":3,"minecraft:stone":484,"born_in_chaos_v1:marigolds":2,"alexscaves:porous_coprolith":3,"travelersbackpack:standard":1,"minecraft:honey_block":1,"bakery:wild_strawberries":8,"minecraft:stone_slab":5,"graveyard:tg_grass_block":4,"delightful:wild_salmonberries":14,"minecraft:sculk":15,"minecraft:birch_planks":1,"minecraft:sweet_berry_bush":1,"minecraft:ice":3,"minecraft:white_wall_banner":1,"alexscaves:thornwood_log":1,"minecraft:coal_ore":101,"graveyard:leaning_skeleton":1,"minecraft:small_dripleaf":1,"minecraft:mossy_stone_bricks":2}},"DataVersion":3465}